Date,Category,Title,Content,Link
2026-02-05 01:27:50,Economy,오늘 금융위원장 입장 발표…스테이블코인법·루센트블록 주목,"오전 10시 국회 정무위 전체회의서 현안 질의‘은행 51%룰·코인거래소 지분 규제’ 강행 논란‘1호 STO’ 루센트블록 탈락 위기, 불공정 논란당국 입장 따라 디지털자산·스타트업 시장 파장[이데일리 최훈길 기자] 스테이블코인 관련 디지털자산기본법(2단계 입법) 내용과 루센트블록을 둘러싼 토큰증권발행(STO) 거래소 인가를 놓고 논란이 이어지는 가운데, 금융위원회가 주요 쟁점에 대한 입장을 밝힐 전망이다. 금융당국 판단에 따라 디지털자산 시장과 스타트업 생태계에 상당한 파장이 일 것으로 보여 발표 내용이 주목된다. 5일 국회에 따르면 정무위원회는 이날 오전 10시 서울 여의도 국회에서 금융위 이억원 위원장·권대영 부위원장 등이 참석한 가운데 전체회의를 열고 현안 질의를 할 예정이다. 국회 관계자는 “디지털자산기본법, STO 장외거래소 예비인가 등 현안에 대한 금융위원장 입장을 물을 예정”이라고 전했다. 디지털자산기본법을 둘러싼 핵심 쟁점은 △스테이블코인 발행 주체에 대한 ‘은행 지분 51%룰’ △디지털자산거래소 대주주 지분 규제다. 더불어민주당 정책위원회는 이 두 사안을 반영한 여당 최종안을 이달 중 발의하기로 하고, 현재 금융위와 막바지 협의를 진행 중이다.



이억원 금융위원장. (사진=연합뉴스)그동안 한국은행은 금융안정, 통화 질서 유지 등을 이유로 은행 지분이 ‘50%+1주’를 초과하는 컨소시엄을 발행 주체로 인정해야 한다는 이른바 ‘은행 지분 51%룰’을 주장해 왔다. 이 내용이 적용되면 4개 이상의 은행이 각각 10~15%씩 분산 출자해 은행 컨소시엄 전체로 ‘50%+1주’를 확보할 전망이다. 현행 은행법(37조)에 따라 개별 은행은 비금융회사 지분을 15%까지 보유할 수 있어, 4개 이상 은행의 참여가 불가피하다.구체적인 지분 구성은 최종 입법안에 따라 달라질 전망이다. 민주당 내부에서는 은행 컨소시엄이 과반 지분을 확보하되, 최대 단일 주주는 핀테크 기업이 맡는 방안도 함께 거론되고 있다. 민주당 디지털자산태스크포스(TF) 간사인 안도걸 의원은 통화에서 “은행 컨소시엄이 50%+1주 형태로 들어와 안정적인 기반을 마련하고, 핀테크가 최대 단일 주주로 참여해 혁신을 일으켜야 한다”고 말했다. (참조 이데일리 2월22일자 <스테이블코인법 임박&hellip;與 “은행 51%룰+핀테크 최대주주”>)



이창용 한국은행 총재. (사진= 한국은행)디지털자산거래소 지분 규제는 금융위가 주도적으로 추진 중인 사안이다. 금융위는 현행 자본시장법상 대체거래소(ATS)의 대주주 지분 한도(15%)를 참고해, 디지털자산거래소 대주주 지분도 15~20% 수준으로 제한해야 한다는 입장이다. 이대로 시행될 경우 두나무(업비트), 빗썸, 코인원, 코빗, 스트리미(고팍스) 등 5대 원화 거래소 모두 지분 매각이 불가피하다. 지분 규제 여부·내용에 따라 두나무와 코빗 인수를 각각 추진하는 네이버와 미래에셋 전략에도 영향을 끼칠 전망이다.민주당 TF 내부에서는 거래소 시장 점유율에 따른 ‘차등 규제’ 방안도 제안되고 있다. TF 소속 이강일 의원은 통화에서 “현재 코인거래소 시장이 사실상 독점 구조인 상황”이라며 “일률적인 지분 규제를 하는 것은 시장을 고착화하고 국가가 특정 업체를 사실상 봐주는 결과를 초래할 것”이라며 차등 규제를 제안했다.(참조 이데일리 2월3일자 <與, 대주주 지분 규제한다&hellip;코인거래소·네이버 충격[only 이데일리]>)



더불어민주당이 금융위 안에 따라 디지털자산거래소의 대주주에 대한 지분 규제를 적용하면 5대 거래소의 지분 매각이 불가피하다. (그래픽=이데일리 김일환 기자)시장에서는 은행 지분 51%룰과 코인거래소 지분 규제에 대한 반발이 거세다. 한국인터넷기업협회는 4일 “은행이 과반 지분(50%+1주)을 보유해야만 스테이블 코인시장에 진출할 수 있도록 하는 방안은 혁신을 가로막는 기득권 보호 정책”이라며 “전 세계에서 유례 없는 대주주 지분 제한은 또 하나의 갈라파고스 규제로, 미래 먹거리인 글로벌 금융시장에서 스스로 족쇄로 작용할 것”이라고 비판했다.국내 5대 원화 거래소(업비트·빗썸·코인원·코빗·고팍스) 대표단은 4일 오전 국회의원회관에서 민주당 디지털자산TF 위원장인 이정문 의원을 만나 지분 규제에 대한 우려를 전달했다. 민주당 디지털자산TF 자문위원들(김갑래·김종승·김효봉·서병윤·유신재·차상진·최우영·한서희·황석진)은 4일 지분 규제가 위헌 논란으로 번질 경우 디지털자산기본법 입법이 장기 표류될 수 있다는 의견서를 민주당에 제출했다. 



국내 1호 토큰증권발행(STO) 기업 루센트블록의 허세영 대표는 지난달 20일 이데일리 인터뷰에서 ""금융위 결과가 어떻게 나오든 목숨을 걸고 사즉생의 각오로 50만 고객들을 지키는 게 1순위""라고 강조했다. 회사명 루센트블록은 투명한, 빛나는 뜻의 루센트(lucent)와 벽돌, 블록체인 뜻의 블록(block)을 결합한 것으로 빛처럼 투명한 블록체인 거래를 하겠다는 의미다. (사진=루센트블록)STO 장외거래소 인가 논란도 이번 정무위에서 주요 쟁점으로 다뤄질 전망이다. 앞서 금융위는 지난달 7일 증권선물위원회(증선위)를 열고 한국거래소·코스콤(KDX) 컨소시엄과 넥스트레이드·뮤직카우(NXT) 컨소시엄을 STO 장외거래소 예비인가 심사 대상으로 선정했다. 이 결정이 확정되면 지난 7년 넘게 관련 STO 사업을 해온 루센트블록은 탈락하게 된다. 대전에 본사를 둔 루센트블록은 2018년 금융위에서 혁신금융서비스(규제 샌드박스)로 지정돼 부동산 조각투자 플랫폼을 운영해왔다. 현재까지 50만명의 이용자와 누적 300억원 규모의 자산을 금융사고 없이 발행·유통해 왔다. 그동안 758개 규제 샌드박스 참여 기업 중 해당 사업을 최초로 시작해 현재까지 유지하고 있는 사실상 유일한 STO 스타트업이다. 이재명 대통령은 지난달 20일 국무회의에서 “조각투자 허가 문제는 어떻게 됐어요”라고 질문한 뒤 “인허가 절차에 대해서는 의심도 많고 걱정도 많기 때문에 최대한 투명하게, 공정하게, 떨어지는 사람은 무조건 억울하다고 생각하니까 최대한 납득할 수 있게 잘 설명하는 게 중요할 것 같다. 합리적 기준에 따라서 (해야 한다)”고 말했다. 금융위는 지난달 14일·28일 정례회의에 관련 안건을 상정하지 않고 신중 검토 중이다. 



허세영 대표는 ""758개에 달하는 규제샌드박스 참여 기업 중 대기업에 인수되거나 중도에 포기하지 않고 지난 7년간 본래의 사업 모델을 지키며 생존해 온 사실상 유일한 스타트업이라는 자부심을 가지고 있다""고 말했다. (그래픽=이데일리 김일환 기자)



2018년에 창업한 루센트블록은 하나증권, 한국예탁결제원 등과 협업해 금융위의 STO 가이드라인에 맞는 서비스 구조를 업계 최초로 구축했다. (사진=루센트블록)허세영 루센트블록 대표는 지난달 12일 기자회견에서 “이번에 인가를 받지 못하면 규제샌드박스 지위 소멸로 폐업을 할 수밖에 없다”며 인가 과정의 불공정성, 기술 탈취 논란, 규제 샌드박스 문제를 제기했다. 이어 루센트블록은 지난달 12일 공정거래위원회에 관련한 불공정거래행위 신고서를 제출했다.허 대표는 이데일리 인터뷰에서 “사즉생의 각오로 50만 고객들을 지킬 것”이라고 강조했다. (참조 이데일리 1월21일자 기사 <“내 빽은 2618일 동고동락 50만 고객들&hellip;사즉생 각오”>, 1월28일자 <“정부 믿고 지구 14바퀴 출장…사즉생 각오로 50만 고객 지킬 것”)이정문 민주당 의원(정무위)은 통화에서 루센트블록 대책 관련해 “정무위 차원 논의를 하고 있다”며 “여러 문제점, 우려가 있을 수밖에 없는 현실이어서 불공정 논란 관련해 봐야 할 것”이라고 말했다. 정무위는 공정위, 금융위 소관 상임위다. 이 의원은 “기존의 제도 틀 안에서 할 수 있는지, 아니면 샌드박스를 개편할지 등을 다 포함해서 정무위에서 살펴볼 것”이라며 제도개선 방안 검토도 예고했다.",https://n.news.naver.com/mnews/article/018/0006213433
2026-02-05 01:27:50,Economy,신한금융 포용력 확대… 1000억 출연해 청년 자립 지원,"청년처음적금·국민성장펀드 검토



신한금융그룹이 청년층과 지방 취약층의 자립을 뒷받침하기 위해 신한미소금융재단에 1000억원을 출연한다고 4일 밝혔다. 이재명정부의 금융 정책에 맞춰 신한금융의 포용력을 확대하기 위해 이뤄졌다. 출연금은 서민금융진흥원의 청년층·지방 취약층 대상 정책금융 사업을 지원하는 데 쓰일 전망이다.신한금융은 미소금융대출 성실 상환자를 대상으로 상환액 일부를 매칭 자금으로 책정해 ‘청년처음적금’에 적립하거나, 오는 6월 출범하는 ‘국민성장펀드’에 대신 투자해주는 식의 자산 형성 인센티브 모델 마련도 검토하고 있다.진옥동 신한금융 회장은 “신한미소금융재단은 출연금을 바탕으로 그룹의 서민금융을 책임질 실질적인 거점으로 도약하게 될 것”이라며 “청년층·지방 취약층의 성실한 금융 이용이 자립과 미래 준비로 이어질 수 있도록 포용금융을 계속 고도화하겠다”고 말했다.",https://n.news.naver.com/mnews/article/005/0001830361
2026-02-05 01:27:51,Economy,"""비트코인 5만달러까지 떨어질 수 있다""…마이클 버리의 경고","10% 추가 하락 시 보유기업 손실 확대…금속 연계 상품도 연쇄 충격 가능성



[서울=뉴시스]참고용 이미지. 재판매 및 DB 금지/ 유토이미지[서울=뉴시스]문준호 인턴 기자 = 영화 ‘빅쇼트’의 실제 주인공이자 2008년 금융위기를 예측했던 투자자 마이클 버리가 비트코인 급락이 금융시장 전반으로 번질 수 있다고 경고했다.3일(현지시간) 블룸버그통신에 따르면 버리는 서브스택 뉴스레터에서 ""비트코인이 주요 지지선을 이탈하면서 막대한 가치 파괴로 이어지는 ‘역겨운 시나리오(sickening scenarios)’가 가시권에 들어왔다”고 말했다.이날 비트코인 가격은 24시간 전보다 7% 이상 하락해 7만2867달러를 기록했다. 지난해 10월 고점과 비교하면 낙폭이 40%를 넘는 수준이다. 지난 주말 심리적 지지선이 무너지면서 2024년 11월 도널드 트럼프 미국 대통령 재선 이후 상승분도 크게 줄었다. 버리는 비트코인이 여기서 10%만 더 하락하면 대량 보유 기업들이 수십억 달러 규모의 손실을 떠안을 수 있고, 이 경우 자본시장에서 자금 조달이 사실상 막힐 수 있다고 바라봤다. 대표 사례로 마이크로스트래티지(Strategy Inc.)를 지목했다. 마이크로스트래티지는 2020년 이후 비트코인을 대규모로 매수해 최대 보유 상장사로 불린다.그는 비트코인이 ‘디지털 금’으로 가치 저장 수단이 될 것이라는 기대가 흔들리고 있다고 말했다. 지정학적 긴장과 달러 약세 우려 속에 금·은 가격은 강세를 이어가는데, 비트코인은 힘을 쓰지 못했다는 이유에서다. 버리는 이를 두고 “순수한 투기 자산임이 드러난 것”이라고 평가했다.금·은 가격이 최근 10~30% 급락한 흐름도 코인 시장과 연결될 수 있다고 봤다. 코인과 귀금속을 함께 묶은 복합 금융상품 거래가 늘면서 한쪽이 흔들리면 다른 쪽에서도 강제 청산이 연쇄로 발생할 수 있다는 설명이다.또 지난달 말 코인 가격 하락으로 최대 10억 달러 규모의 귀금속이 청산된 것으로 보인다고 했다. 실물로 뒷받침되지 않는 토큰화 금속 선물 시장이 무너지면 담보 가치가 함께 떨어지는 ‘죽음의 소용돌이(death spiral)’가 나타날 수 있다고 경고했다.버리는 최악의 경우 비트코인이 5만 달러까지 밀리면 채굴 업체들의 줄도산은 물론, 토큰화된 금속 선물 시장이 매수자가 전무한 블랙홀로 빨려 들어갈 수 있다고 우려했다.",https://n.news.naver.com/mnews/article/003/0013749860
2026-02-05 01:27:52,Economy,"가계대출 금리 뛰자, 정책 대출로 몰려","작년 12월 ‘보금자리론’ 2조351억신규 판매액 25개월 만에 최대시중은행 가계대출 금리가 연 4%대를 넘어서면서 상대적으로 금리가 낮은 정책 대출 상품 수요가 늘어난 것으로 조사됐다. 4일 한국주택금융공사에 따르면 장기 고정금리 분할 상환 주택담보대출인 ‘보금자리론’의 지난해 12월 신규 판매액은 2조351억 원에 달했다. 2023년 11월(3조688억 원) 이후 2년 1개월 만에 최대다. 보금자리론은 부부 합산 연 소득 7000만 원 이하로, 6억 원 이하 주택을 구매할 때 신청할 수 있다. 만기는 최장 50년이다. 이 상품의 월간 판매액은 2024년 11월 1조 원을, 2025년 9월 2조 원을 넘었다. 이후 그해 10월 1조8398억 원, 11월 1조8077억 원 등으로 주춤하다가 12월 반등했다. 이는 시중은행 대출 금리가 오르면서 보금자리론의 저금리 매력이 커진 영향이다. 주택금융공사는 보금자리론 금리(u-보금자리론 기준)를 지난해 1월 연 4.05∼4.35%에서 2월 3.75∼4.05%로 인하한 뒤 그해 12월까지 동결했다. 작년 12월 초 주요 시중은행의 주택담보대출 혼합형(고정) 금리(은행채 5년물 기준)가 연 4.1∼6.3%인 점을 고려하면 보금자리론 금리가 더 낮았다. 다만 보금자리론 금리는 올해 더 올랐다. 1월 0.25%포인트, 2월 0.15%포인트 인상돼 최저 금리가 4%를 웃돌게 됐다.",https://n.news.naver.com/mnews/article/020/0003695117
2026-02-05 01:27:52,Economy,2년간 200개 줄어든 은행 점포… 내달부터 통폐합 깐깐해진다,"당국, 고령자 불편 늘자 대책 마련1km 내 통폐합도 사전영향평가…지방 점포 없애면 감점 늘리기로디지털 점포에 보조인력 둬야…폐쇄-대체 점포 안내 시스템도 개선



은행 점포 폐쇄로 인한 소비자 불편을 줄이기 위해 내달부터 은행 점포 통폐합 절차가 깐깐해진다. 은행들은 최근 2년간 대체 수단을 마련하지 않은 채 점포를 200개 넘게 폐쇄한 것으로 나타났다.  금융당국이 은행 점포가 적은 지방 소비자나 디지털 금융에 익숙하지 않은 고령자를 배려하기 위해 점포 폐쇄를 되도록 덜 하게 독려하고 있다. 하지만 온라인 뱅킹이 보편화된 만큼 통폐합 절차가 강화돼도 점포 추가 감축과 그에 따른 불편은 불가피할 것으로 보인다. 



4일 금융위원회 등에 따르면 2023∼2024년엔 은행 점포 폐쇄 추이가 다소 둔화했지만, 최근 다시 늘어나는 추세다. 수도권 은행 점포 수는 지난해 9월 말 기준 2943개로 2024년 말(3616개)에 비해 18.6% 줄었다. 기타 광역시의 경우 지난해 9월 말 1160개로 2024년 말(1428개)과 비교하면 18.8%가 사라졌다. 금융당국은 “점포 수가 많은 시중은행이 수도권을 중심으로 점포를 감축하고 있다”고 설명했다.  온라인 뱅킹이 워낙 일반화된 만큼 점포 수가 줄어드는 건 자연스러운 현상이다. 하지만 다른 선진 국가들에 비해 국내의 은행 점포가 유독 빠르게 줄고 있다는 지적이 나온다. 지난해 9월 말 기준 성인 인구 10만 명당 점포 수는 12.7개로 2023년 말 경제협력개발기구(OECD) 회원국 평균(15.5개)보다 다소 낮다. 다만 지방에 비교적 많은 우체국, 상호금융(단위 농·수협, 신협, 새마을금고) 등은 제외됐다.  이억원 금융위원장은 이날 정부서울청사에서 ‘금융소비자 목소리를 듣다’ 간담회를 열고 은행 점포 폐쇄 대응 방안을 3월부터 도입하겠다고 밝혔다. 통상 은행은 점포 폐쇄를 결정하기 전 사전 영향 평가, 지역 의견 청취, 대체 수단 마련 등 절차를 거친다. 다만 한 점포가 반경 1km 내 다른 점포와 통합할 때는 이런 절차를 거치지 않아도 됐다. 금융당국은 ‘1km 내 다른 점포와 통폐합할 때는 점포 폐쇄 절차를 거치지 않아도 된다’는 예외 조항을 없애기로 했다. 지방 점포 폐쇄 절차도 까다로워진다. 금융당국은 은행이 지방 점포를 없애면 지역 재투자 평가에서 감점을 늘리기로 했다. 금융위는 “지역 재투자 평가 결과는 지자체 금고 선정 등에 활용되는 만큼 지방에서 점포를 유지하는 유인으로 작용할 것”이라고 설명했다. 은행은 최근 무인 디지털 점포를 확대하고 있다. 점포를 없앨 때 디지털 점포가 대안이 되고는 한다. 하지만 앞으로 은행은 디지털 점포에 보조 인력을 1명 이상 배치해야 점포 문을 닫을 수 있다. 비도시 지역을 중심으로 이동 점포 운영도 확대된다. 은행 이용자들이 어느 점포가 문을 닫았는지, 대신 이용할 수 있는 은행이 어디인지도 확인하기 수월해진다. 은행연합회 소비자 포털에서 대체 점포나 이동 점포, 공동 현금자동입출금기(ATM) 위치 등을 안내하는 시스템이 개선된다.",https://n.news.naver.com/mnews/article/020/0003695114
2026-02-05 01:27:53,Economy,<인사>금융위원회,[파이낸셜뉴스] ◆ 금융위원회 <전보> △과장급 △서민금융과장 오유정 △포용금융지원과장 이지현(現 재정경제부 파견 ),https://n.news.naver.com/mnews/article/014/0005473604
2026-02-05 01:27:54,Economy,"환율방어에 외환보유액 감소…1,400원대 복귀할까","[앵커]환율 방어에 쓰이면서 외환보유액이 두 달 연속 줄었습니다.최근 환율이 크게 출렁이는 만큼, 외환보유액이 더 감소할 수 있다는 우려도 나오는데요.김수빈 기자입니다.[기자]외환보유액이 두 달 연속 감소했습니다.올해 1월 말 기준 외환보유액은 4,259억 달러로, 한 달 전보다 21억 달러가량 줄었습니다.우리 돈으로는 3조 원 넘게 감소한 셈입니다.감소 폭은 전달보다 줄었지만, 외환보유액 규모는 4개월 만에 가장 낮은 수준입니다.외환보유액은 지난해 11월까지 6개월 연속 늘며 한때 4,300억 달러를 웃돌았습니다.하지만 12월부터 감소세로 돌아서며 두 달째 4,300억 달러를 밑돌고 있습니다.그 배경엔 한국은행이 국민연금과의 외환스와프 등 시장 안정 조치에 나선 영향이 있습니다.지난해 말 1,480원을 넘었던 환율은 구두개입 등으로 1,420원대까지 내려왔다가, 새해 들어 다시 오르며 한때 1,480원 턱밑까지 올라섰습니다.최근들어 외환시장의 변동성은 더 커졌습니다.지난 2일 원·달러 환율은 하루 만에 24.8원 급등해 1,460원대로 뛰었다가, 이튿날에는 18.9원 떨어지며 상승분을 대부분 반납했습니다.케빈 워시 전 연방준비제도 이사의 연준 의장 지명 이후 통화 긴축 우려가 커졌지만, 정책 변화는 크지 않을 것이란 인식이 확산되며 시장은 빠르게 진정됐습니다.다만 미국의 대미 투자 조기 집행 압박과 관세 이슈, 지정학적 리스크 등은 여전히 환율 상방 요인으로 남아 있습니다.<석병훈 / 이화여대 경제학과 교수> ""원·달러 환율이 지금 상승하고 있는 거거든요 추세적으로. 이런 추세대로 가면 아마 외환보유액은 다음 달에도 줄어들 가능성이 크다…""이재명 대통령이 언급한 환율 1,400원대 복귀 가능성.외환보유액을 활용한 환율 방어에는 한계가 있는 만큼, 정부가 추진하는 다양한 정책을 통해 환율이 다시 안정될 수 있을지 시장의 관심이 쏠리고 있습니다.연합뉴스TV 김수빈입니다.[뉴스리뷰]#관세 #환율 #국민연금 #한국은행 #외환보유액 #대미투자연합뉴스TV 기사문의 및 제보 : 카톡/라인 jebo23",https://n.news.naver.com/mnews/article/422/0000830400
2026-02-05 01:27:54,Economy,[부고] 민유성(전 산은금융지주 회장)씨 별세,"▲ 민유성(전 산은금융지주 회장·전 한국산업은행장·향년 71세)씨 별세, 정순욱씨 남편상, 민윤영·민윤의씨 부친상, 이동인·원종혁씨 장인상 = 3일 오전 6시, 서울성모병원 장례식장 1호실, 발인 6일 오전 6시, 장지 진달래메모리얼파크. ☎ 02-2258-5951 (서울=연합뉴스)※ 부고 게재 문의는 팩스 02-398-3111, 전화 02-398-3000, 카톡 okjebo, 이메일 jebo@yna.co.kr(확인용 유족 연락처 필수)",https://n.news.naver.com/mnews/article/001/0015885884
2026-02-05 01:27:55,Economy,유증 미공개정보로 40억원 부당이득…상장사 임직원 등 檢 고발,"악재 정보로 손실회피한 상장사 최대주주도 수사기관 통보공시대리·IR컨설팅업체 대표도 미공개정보 이용으로 고발 당해



금융위원회[금융위원회 제공]    (서울=연합뉴스) 강수련 기자 = 유상증자 등 호재성 내부정보를 이용해 부당이득을 취득한 상장회사 임직원들이 검찰에 고발됐다.    증권선물위원회는 4일 제3차 정례회의에서 유상증자 및 대량취득·처분 실시 정보 등 호재성 내부정보를 이용해 부당이득을 취한 상장사 임직원 등 16인을 고발 및 수사기관 통보 조치했다고 밝혔다.    조사 결과, 상장사 A사 임직원 4명과 상장사 B사의 전 직원은 B사 유상증자에 A사가 참여한다는 내부 정보를 이용해, A사 주식을 직접 매수하거나 정보를 가족·지인에게 전달해 총 43억4천만원의 부당이득을 취득하거나 취득하게 한 것으로 나타났다.    특히 B사의 전 직원은 직무상 알게 된 대량취득·처분 정보를 가족에게 전달해 A사 주식을 매수하도록 하고, 자신은 연관성이 높은 동종 업종의 다른 상장사 주식들을 매수해 총 4천만원의 부당이득도 취득했다.    이외에도 적자 전환 정보 등 악재성 내부정보를 이용하여 손실을 회피한 상장사 최대 주주도 수사기관에 통보 조치됐다.    상장사 최대 주주이자 업무집행지시자인 C씨는 회사 내부 결산 결과를 보고받는 과정에서 영업이익 및 당기순이익 적자 전환 정보를 알고, 정보 공개 전 본인 및 관계사가 보유한 회사 주식을 매도해 총 32억원 상당의 부당이득을 취한 것으로 조사됐다.



[금융위원회 제공] 증선위는 공시 등 호재성 내부정보를 이용해 부당이득을 취득한 공시대리인 및 IR컨설팅업체 대표이사 등 3인도 고발 및 수사기관 통보 조치했다.    공시 대리업체의 대표 D씨는 업무 수행 중 2개 회사 종목의 호재성 미공개 중요정보를 알게 된 뒤 이를 이용해 약 1억원 상당의 부당이득을 취득했고, 이를 지인에게 전달해 약 2억원의 부당이득을 취하게 했다.    또한, IR컨설팅업체의 대표 E씨는  회사의 공시 및 IR 대행 업무를 수행하는 과정에서 4차례에 걸쳐 해당 회사의 호재성 미공개 중요정보를 알게 된 뒤 이를 이용해 수천만 원 상당의 부당이득을 취득했다.    증선위는 치료제 개발 등 호재성 내부정보를 이용해 부당이득을 취한 제약회사 직원 등 4인도 수사기관 통보 조치했다.    제약회사 직원 F씨는 연구소에서 근무하면서 취득한 호재성 미공개 내부정보를 이용해 주식을 매수하고, 배우자에게 정보를 전달해 약 7천만원 상당의 부당이득을 취했다.    배우자도 지인 2명에게 해당 정보를 전달해 총 1억4천700만원 상당의 부당이득을 취득했다.    증선위는 ""회사의 최대 주주, 대표이사, 임직원뿐만 아니라 공시대리인, IR업체 등 법인의 대리인 또는 준내부자도 직무 관련 미공개 정보를 거래에 이용하거나 타인에게 이용하게 하면 자본시장법 위반으로 1년 이상 유기징역, 벌금 등 형사처벌을 받을 수 있다""고 경고했다.    training@yna.co.kr",https://n.news.naver.com/mnews/article/001/0015885859
2026-02-05 01:27:56,Economy,"“주식이 간만에 싸졌네”...폭락 다음날, 은행 대기자금 8조원 빠졌다","2일 증시 급락에 저가매수 노려은행권 “머니무브 장기화 가능성”



 기사 이해를 돕기 위한 AI 이미지 [챗gpt]‘위시 쇼크’로 급락했던 국내 증시가 하루 만에 역대급 반등을 기록하며 5000선을 회복한 가운데, 같은 날 은행권 요구불예금에서도 8조원 넘는 자금이 빠져나간 것으로 나타났다. 케빈 워시 차기 미 연방준비제도(Fed·연준) 의장 지명 이후 긴축에 대한 공포가 과도했다는 인식이 확산되면서 은행 예금에 머물던 대기성 자금이 다시 주식시장으로 향했던 것으로 풀이된다.4일 금융권에 따르면 지난 3일 기준 5대 시중은행(KB국민·신한·하나·우리·NH농협은행)의 요구불예금 잔액은 이달 들어 이틀 만에 8조9565억원 감소했다. 1월 한 달 동안 감소한 규모(22조4705억원)의 절반에 가까운 자금이 단기간에 빠져나간 셈이다.일별로는 지난 2일 요구불예금이 9485억원 줄었고, 3일 8조80억원이 급감했다. 워시 의장 지명자에 대한 긴축 우려로 지난 2일 코스피가 5.26% 급락하자 저가매수를 노린 자금이 대거 은행에서 증권사로 이동한 것으로 풀이된다. 은행 대기 자금이 증시로 빠르게 유입되면서 3일 코스피 급반등에 기여했다.은행권에서는 이 같은 요구불예금 감소세를 두고 “위시 쇼크로 움츠러들었던 투자심리가 빠르게 정상화되면서, 단기 대응 목적의 자금 이동이 늘어난 것”이라고 보고 있다.이번 자금 이동의 배경에는 부동산 시장으로의 자금 유입이 사실상 막혀 있다는 점도 작용하고 있다. 가계대출 규제 강화, 높은 세 부담, 거래 절벽이 장기화되면서 시중 유동성이 부동산으로 이동할 유인이 크게 약화됐다. 이로 인해 단기 운용이 가능한 주식시장이 상대적으로 ‘대체 투자처’ 역할을 하고 있다는 분석이다.은행권에서는 이번 머니무브가 단기 현상에 그치지 않고, 과거보다 빠르고 장기화될 가능성이 높다는 분석이 나온다. 증시 반등 시 예금 자금이 일부 이동하는 것은 통상적인 흐름이지만, 이번에는 요구불예금 감소 속도와 규모가 예년보다 크다는 점에서 구조적 변화의 신호로 보는 시각도 있다.은행권 관계자는 “과거에는 주식시장이 반등하더라도 상승 흐름이 오래 이어지지 않는 경우가 많아 요구불예금 감소 폭이 제한적이었다”며 “이번에는 예상보다 요구불예금이 빠지는 속도와 강도가 모두 강해 자금 이동 현상이 과거보다 더 오래 지속될 가능성이 있다”고 말했다.요구불예금뿐 아니라 상대적으로 안정적인 수신 기반으로 여겨져온 정기예금에서도 자금 이탈이 이어지고 있다. 금융권에 따르면 지난해 12월 정기예금 잔액은 전월 대비 32조7034억원 감소했고, 올해 1월에도 2조4133억원 줄며 두 달 연속 감소세를 기록했다. 이달 2일에도 하루 만에 2조원가량이 빠져나가는 등 은행 예금 전반에서 유출 속도가 빨라지고 있다.",https://n.news.naver.com/mnews/article/009/0005632547
2026-02-05 01:27:57,Economy,은행 점포 폐쇄 절차 깐깐해진다,"금융위, 대응 방안 내달 시행…1km 내 통폐합 사전평가 의무- 광역시 외 문닫으면 감점 확대금융위원회가 은행 점포 폐쇄로 인한 금융소비자 불편을 줄이기 위해 반경 1km 이내 점포 간 통폐합에도 사전영향평가를 의무화한다. 



4일 서울 종로구 정부서울청사에서 이억원 금융위원장 주재로 금융소비자 현장메신저 간담회가 열리고 있다. 연합뉴스금융위원회는 4일 정부서울청사에서 ‘금융위원장, 금융소비자의 목소리를 듣다’ 간담회를 하고 이런 내용을 담은 ‘은행 점포 폐쇄 대응 방안’을 다음 달부터 도입한다고 밝혔다. 현재 은행권은 점포 폐쇄 때 사전영향평가와 지역 의견 청취, 대체수단 마련 등을 포함한 공동절차를 운영하나, 반경 1km 내 다른 점포와 통합하는 경우에는 절차 적용 대상에서 제외됐다. ‘1km 예외’를 악용한다는 지적이 계속되면서, 점포 폐쇄 결정 과정에서 소비자 접근성과 편익을 보다 엄격하게 반영하기로 한 것이다.사전영향평가도 체계화한다. 현재 은행별로 형식적으로 운영되는 평가 방식을 ‘현황 분석-영향 진단-대체수단 결정’ 단계로 정비하고, 평가 항목도 4개에서 8개로 세분화하기로 했다. 지방 거주 금융소비자의 금융 접근성을 보장하기 위해 광역시 외 지역에서 점포를 폐쇄하면 지역재투자평가에서 감점을 확대한다. 지역재투자평가 결과는 지자체 금고 선정 등에 활용되는 만큼 지방에서의 점포 유지 유인으로 작용할 것으로 금융위는 기대했다.또 금융위는 고령층 등 디지털 취약계층의 이용 편의를 고려해 보조 인력을 1인 이상 배치할 때만 디지털 점포를 폐쇄 점포의 대체수단으로 인정하고, 비도시 지역을 중심으로 이동 점포 운영도 확대할 방침이다. 금융감독원 차원에서 은행별 점포 운영 현황과 사전영향평가 결과를 점검하고, 모범사례를 정기적으로 전파하는 방안도 추진한다.",https://n.news.naver.com/mnews/article/658/0000134461
2026-02-05 01:27:57,Economy,‘매둘기’ 워시發 쇼크 진정되나…금·코스피 안정세 지속,"매파·비둘기파 모호에 시장혼란…일각선 가격 재조정 과정 진단도- 코스피, 충격 딛고 또 사상 최고도널드 트럼프 미국 대통령이 케빈 워시 전 연준 이사를 차기 연준 의장 후보로 지명하면서 글로벌 금융시장이 요동친다. 시장에서는 워시 전 연준 이사의 ‘매둘기(매파+비둘기파)’ 성향이 크게 작용했다는 분석이다.



4일 오후 서울 중구 우리은행 딜링룸 현황판에 코스피 와 삼성전자 종가가 표시돼 있다.    이날 코스피는 전 거래일보다 83.02포인트(1.57%) 오른 5,371.10으로 마감했다. 연합뉴스4일 금융업계에 따르면 트럼프가 워시 전 이사를 발탁했다는 소식에 미국 증시는 물론 금·은·비트코인, 국내 시장까지 영향을 받았다. 지난 1월 30일 국제 금·은값이 폭락했는데 이 중 은값은 30%까지 떨어졌다. 비트코인도 18~20%의 하락폭을 보이면서 워시 지명 이후 8만 달러가 붕괴된 데 이어 4일에는 7만 달러대에 진입하기도 했다. ‘워시 쇼크’로 금리 동결에 따른 유동성 축소 가능성이 부각되면서 자산 전반에 대한 투자심리가 위축됐다. 워시는 과거 연준 이사 시절 대표적인 매파 인사로 분류돼 왔지만, 최근 금리 인하를 배제하지 않는 듯한 자세를 보이며 ‘매둘기’라는 평가를 받는다. 트럼프의 금리 인하 기조와 워시의 조건부 완화 인식이 맞물려 금융시장의 불확실성을 키운다는 분석이 우세하다. 향후 연준의 금리 경로가 예측 불가능한 상황에 놓였고 불확실성 확대가 자산시장 변동성을 확대했다는 것이다. 반면 자산 가치가 폭락 하루만에 급등하는 반전을 보이면서 일각에서는 상승 추세였던 자산 가격이 정상 수준으로 되돌아가는 가격 재조정 과정이라는 의견도 적지 않다. 코스피는 장중 상승과 하락을 반복하는 흐름을 이어간다. 시장에서는 연준 인선이 정리되기 전까지 국내 증시의 등락은 당분간 이어질 것이라는 전망이 나온다. 다만 과도한 충격은 점차 진정되는 모습이다. 이날 코스피가 하락 출발했지만, 상승 전환한 뒤 오름폭을 키워 사상 최고치를 또다시 갈아치웠다. 코스피는 전장보다 83.02포인트(1.57%) 오른 5371.10에 거래를 마감했다. 삼성전자는 오후장에서 반등한 이후 오름폭을 계속 키워나가 국내 기업 최초로 시가총액 1천조원 고지에 올랐다. 코스닥 지수는 전장보다 5.10포인트(0.45%) 오른 1149.43에 장을 마쳤다.이날 로이터통신에 따르면 급락했던 국제 금 현물가격은 한국 시간 4일 오전 3시31분 기준  전장보다 5.2% 오른 온스당 4906.82달러로 반등세다.",https://n.news.naver.com/mnews/article/658/0000134459
2026-02-05 01:27:58,Economy,정은보 “부산 혁신기업 육성 적극 지원”,"한국거래소가 지역 미래 성장을 견인할 혁신기업 육성을 지원하고 사회 공헌 사업을 강화하는 등 지역 경제 활성화를 위한 지원 계획을 내놨다. 



정은보(사진) 한국거래소 이사장이 4일 부산 신년 기자간담회를 열고 이러한 내용을 담은 ‘파생상품시장 활성화 및 지역경제 성장 지원계획’을 발표했다. 거래소는 해양 금융 물류 등 부산 주력 산업을 대상으로 스타트업 인큐베이팅, 기업공개(IPO) 컨설팅, 기업가치 제고 프로그램 등 성장 단계별 지원체계를 갖출 계획이다. 또 해양산업의 자금조달 수단 다각화와 디지털 금융 생태계 조성도 적극 지원한다. 아울러 지역 사회공헌사업을 수혜자 중심으로 내실화를 꾀한다. 부산시·부산경찰청과 협력해 노인, 범죄 피해자 등 사회적 약자를 대상으로 직접 지원을 확대한다. 또 장학사업을 비롯해 인재 육성 사업을 지원해 지속가능한 발전에 이바지할 계획이다. 



지난 3일 서울 여의도 한국거래소 서울사옥 홍보관에서 열린 코스피 5000 돌파 기념행사에서 정은보 한국거래소 이사장이 개회사를 하고 있다. 연합뉴스거래소는 올해 파생상품시장 개장 30주년을 맞아 파생상품 투자자 유치와 인프라 육성 등 투자 저변을 확대할 계획이다. 오는 5월 6일 부산에서 파생상품시장 30주년 기념행사를 개최하며 국내외 금융기관을 대상으로 한 마케팅을 강화하고 파생시장 발전 로드맵 등을 적극 홍보할 예정이다. 또 탄소 배출권 시장 활성화와 거래정보저장소(TR) 선진화 등을 통해 탄소금융 허브와 장외파생 인프라 거점을 육성한다는 계획도 마련했다.",https://n.news.naver.com/mnews/article/658/0000134458
2026-02-05 01:27:59,Economy,"""13년 만에 '풀 스펙' 갖췄다…퓨처플레이 본격 질주""","[넥스트 빌더를 만나다] ①퓨처플레이 권오형 대표권오형 단독 체제 첫해…올해 1400억 펀드 조성 목표AC·VC·PEF 갖춘 하우스 도약…""초기 투자 정체성 유지""휴이노·코드잇 등 상장 대기…""올해 첫 펀드 청산 목표""이 기사는 2026년02월04일 18시08분에 마켓인 프리미엄 콘텐츠로 선공개 되었습니다.[이데일리 마켓in 송승현 기자] “성장하지 않는 회사는 답답하다. 퓨처플레이가 어떤 형태로든 우리가 정의한 방식의 성장을 계속 이뤄내는 회사가 됐으면 한다.”



권오형 퓨처플레이 대표가 지난 1월 23일 서울 강남구 선릉로 사무실에서 이데일리와 인터뷰를 하고 있다. (사진=노진환 기자)권오형 퓨처플레이 대표는 4일 이데일리와 만나 “퓨처플레이 3.0 시대가 본격 시작됐다”며 이같이 밝혔다. 올해는 지난해 류중희 각자대표 퇴사로 권 대표 단독 체제로 전환한 뒤 온전하게 맞는 첫 해이다.컴퍼니 빌더→AC→VC 거쳐 PEF까지…13년 진화퓨처플레이는 13년 전 설립됐지만, 본격적인 펀드 운용은 10년 전부터 시작했다. 초창기에는 컴퍼니 빌더(Company Builder)로 출발했다. 컴퍼니 빌더란 자기 회사 안에서 창업 아이디어를 발굴하고 팀을 꾸려서, 직접 법인 설립·초기 운영까지 함께하는 모델을 말한다. 이후 액셀러레이터(AC)와 벤처캐피탈(VC)로 사업 모델을 전환해 본격적인 창업투자회사로 거듭났다. 권 대표는 “퓨처플레이는 최고의 창업자에게 선택받을 수 있는 최고의 투자 파트너가 되는 것이 목표”라며 “단독 체제 첫 해인 올해에는 예전에 투자했던 회사들을 회수하는 시기가 도래했고, 이를 발판 삼아 더 큰 규모의 캐피탈(자본) 조성에 나서겠다”고 말했다.실제 퓨처플레이는 올해 1분기 500억원 규모 초기 펀드, 연내 1000억원 규모 성장단계 펀드 조성을 목표로 하고 있다. 1000억원 펀드는 퓨처플레이 역사상 최대 규모다. 권 대표는 “작년 집행한 518억원 중 신규 투자는 20여개에 불과하고, 금액의 상당 부분은 추가 투자인 팔로온 투자”라며 “펀드 규모 확대는 성장하는 회사들을 지속적인 지원을 하기 위한 전략”이라고 말했다. 작년 11월 사모펀드(PEF) 라이선스 획득도 비슷한 맥락이다. 권 대표는 “초기 투자한 회사들이 상장사로 성장하면서 벤처 펀드로는 한계가 있었다”며 “PEF 라이선스는 회사가 할 수 있는 범위를 확장하는 개념”이라고 설명했다. 다만 “초기 투자자로서의 역할을 강조해온 퓨처플레이의 아이덴티티(정체성)를 바꾸는 것은 아니다”고 부연했다. 실제 퓨처플레이는 스타트업에 초기 투자한 뒤 정부에 해당 기업을 추천하는 중소벤처기업부 지정 팁스(TIPS) 운영사다. 권 대표는 “투자한 회사의 성장을 돕는 데 기여하는 것이 AC의 본질이라고 생각해 왔다”며 ”퓨처플레이는 그 역할을 가장 충실하게 수행해 왔다고 자부한다”고 말했다. 이어 “인재 채용(Talent Acquisition), 정부 지원 사업과 연구개발(R&D) 연계, 사업 개발 등 다양한 방식으로 투자 기업의 성장을 돕고 이를 꾸준하게 유지할 것”이라고 강조했다.



권오형 퓨처플레이 대표가 23일 서울 강남구 선릉로 사무실에서 이데일리와 인터뷰를 하고 있다. (사진=노진환 기자)“올해 첫 펀드 청산 목표…본격 회수 사이클 돌입”권 대표가 올해 꼽는 투자 화두는 '인공지능'(AI)이다. AI 투자에서 퓨처플레이는 뚜렷한 철학을 갖고 있다. 권 대표는 “Open AI나 앤트로픽(Anthropic)이 하는 거대언어모델(LLM) 영역은 더 이상 경쟁력이 없다고 개인적으로 판단한다”며 “바이오·법률·파이낸스 등 도메인 특화 모델에서 한국 스타트업이 충분히 경쟁력을 가질 수 있다”고 말했다.퓨처플레이는 작년 바이오 특화 파운데이션 모델을 만드는 아스테로모프에 30억원을 투자했다. 이는 시드 단계 투자로는 퓨처플레이 역사상 최대 규모다. 퓨처플레이는 아스테로모프 창업팀에 큰 매력을 느껴서 이같은 결정을 내렸다.권 대표는 “아스테로모프 창업팀은 수학올림피아드 메달리스트들로 구성된 천재급 팀”이라며 “이 시대에 이만큼 야심이 있는 똑똑한 사람들이 실패할 확률은 높지 않다는 판단으로 투자라운드를 리드했다”고 설명했다.동시에 올해는 본격적인 투자금 회수의 해이기도 하다. 휴이노 상장 추진을 비롯해 코드잇, 서울로보틱스, 비트센싱 등이 상장을 준비 중이다. 권 대표는 “재작년 에스오에스랩·이노스페이스, 작년 뉴로핏에 이어 올해 첫 번째 펀드 청산이 목표”라며 “회수 사이클이 본격화될 것”이라고 전망했다.그는 “퓨처플레이의 최우선 목표는 최고의 창업자에게 최고의 투자 파트너가 되는 것”이라며 “운용자산(AUM) 확대나 AC·VC·PEF 라이선스는 그 목적을 위한 수단일 뿐”이라고 강조했다. 이어 “지난 10년간의 배움을 바탕으로 2026년은 본격적인 성장의 시작점”이라고 덧붙였다.",https://n.news.naver.com/mnews/article/018/0006213390
2026-02-05 01:28:00,Economy,"시총 1천조원 돌파…삼성전자, 국내 기업 새 역사 썼다","주가 17만원 '코앞'…코스피 전체 시총 4분의 1 육박반도체 슈퍼사이클 지속…올해 세계 최대 영업익 가능성2014년 이후 100조 현금배당 등 적극적 주주환원 정책



4일 오후 서울 중구 우리은행 딜링룸 현황판에 삼성전자 종가가 표시돼 있다. 연합뉴스



삼성전자가 국내 기업 역사상 처음으로 시가총액 1천조원 시대를 열었다. 1975년 유가증권시장 상장 이후 50년 만에 달성한 기록이다.반도체 슈퍼사이클 국면 속에 주가 부양을 위한 자사주 매입 노력 등이 맞물린 결과로, 올해도 역대 최대 실적과 함께 주가 기록 경신을 이어갈 것이란 장밋빛 전망이 나온다.◆역대급 실적…최고가 경신 랠리4일 한국거래소에 따르면 이날 삼성전자는 전장 대비 0.96% 오른 16만9천100원으로 장을 마감했다.주가는 개장 직후 전장 대비 2.39% 내렸으나 이후 내림 폭을 줄인 끝에 오후 들어 반등, 장중 한때 1.13% 오른 16만9천400원으로 역대 최고가를 또다시 경신했다.이로써 삼성전자 시가총액은 1천2조7천866억원으로 국내 기업 최초로 1천조원을 넘어섰다. 종가 기준 시총은 1천1조107억원에 달했다.이는 지난해 하반기부터 글로벌 인공지능(AI) 인프라 투자 급증에 따른 메모리 수요 및 가격 급등세로 인해 세계 최고 수준의 반도체 생산역량을 갖춘 삼성전자가 수혜를 입은 것으로 풀이된다.그동안 반도체 경쟁력의 약점으로 꼽혔던 고대역폭 메모리(HBM) 사업에서도 차세대 HBM4 시장에서 기술력을 회복하면서 점유율 반등이 예상되고 있다.이에 따라 삼성전자는 지난해 4분기 국내 기업 최초로 분기 영업이익 20조737억원으로 역대 최고 실적을 경신했다. 이는 전년 동기 대비 209.2% 증가한 수준이다. 매출은 93조8천374억원으로 전년 동기보다 23.8% 늘었다.◆""올해 세계 최대 영업익 달성 기대""이 같은 호실적이 올해는 물론 내년에도 이어질 것이라는 전망도 줄을 잇고 있다.글로벌 투자은행(IB) JP모건은 코스피 기본 시나리오 목표치를 기존 5,000~6,000에서 6,000~7,500으로 상향 조정하면서 그 중심에 삼성전자와 반도체 기업이 있다고 분석했다.JP모건은 ""2025년 9월 이후 상승분 대부분(당사 추정지 60%)은 삼성전자와 SK하이닉스가 견인한 가운데 다른 시장 동력도 작용하고 있다""고 봤다.아울러 반도체 가격이 계약가를 크게 상회하는 흐름을 근거로 삼성전자 목표주가가 현 주가 대비 45~50% 추가 상승 여력이 있다고 전망했다.모건스탠리 역시 국내 반도체 기업에 대해 ""유례 없는 공급 능력의 한계 상황에 진입했다""며 ""매출과 수익성이 역대 최고치를 경신 중으로, 이는 더 높은 설비투자로 이어지고 있다""고 평가했다.모건스탠리는 올해 삼성전자 영업이익이 245조원, 내년 317조원에 달할 것이라고 예상했다.이는 지난해 구글 모회사 알파벳이 기록한 순이익 1천243억달러(약 183조원)를 크게 뛰어넘는 수준이다.업계에서는 삼성전자가 올해 세계 최대 영업익을 달성할 것이라는 전망도 나온다.한편 4일 코스피는 삼성전자 랠리에 힘입어 사상 최고치를 또다시 갈아치웠다. 이날 코스피는 전장보다 83.02포인트(1.57%) 오른 5,371.10에 거래를 마감했다.",https://n.news.naver.com/mnews/article/088/0000995525
2026-02-05 01:28:00,Economy,"코스피, 또 사상 최고치…삼성전자 시총 1천조","[앵커]'검은 월요일'을 맞았던 코스피가 급반전하며 폭등하더니 오늘(4일) 또 한 번 사상 최고치를 갈아치웠습니다.주가 17만 원을 눈앞에 둔 삼성전자는 사상 처음으로 시가총액 1천조 원을 돌파했습니다.김주영 기자입니다.[기자]이른바 '워시 쇼크'에 주 초반 널뛰기 장세를 보였던 국내 증시.하락 출발로 시작한 우리 증시는 곧바로 상승세를 되찾으며 다른 흐름을 보였습니다.코스피는 전날보다 1.57% 오른 5,371.10에 마감하며, 또 한 번 최고치로 거래를 마쳤습니다.기관이 약 1조 8천억 원 가까이 순매수하며 지수 상승을 이끌었고, 개인과 외국인은 매도 우위를 보였습니다.특히 삼성전자는 장중 시가총액 1천조 원을 돌파했는데, 국내 기업으로는 처음으로 시총 1천조 원을 넘기며 우리 증시의 새 역사를 썼습니다.삼성전자는 장 중 한때 16만 9,400원까지 오르며 역대 최고가를 경신했습니다.<박상현 / iM증권 연구원> ""반도체 가격이 올라서 어려움이 있다. 소위 말하는 '칩플레이션'에 대해서 미국 기업들이 비용 부담을 느끼고 있는데, 역설적으로 칩플레이션의 수혜를 볼 수 있는게 국내 반도체업체기 때문에, 특히 삼성전자 같은 경우 역사적인 1천조 시가총액 달성이 이뤄지지 않았나…""SK하이닉스도 90만 원 탈환을 목전에 앞두고 거래를 마쳤습니다.현대차와 LG에너지솔루션, 삼성바이오로직스 등 나머지 시가총액 상위종목 역시 대부분 강세를 보였습니다.코스닥 지수는 전날보다 0.45% 오른 1,149.43에 거래를 마쳤습니다.견조한 반도체 업황과 함께 지속적인 투자자 수급에 힘입어 한동안 국내증시는 미국증시와 차별화되는 양상을 보일 것이란 전망도 나옵니다.한편, 서울 외환시장에서 원·달러 환율은 4.8원 오른 1,450.2원에 마감했습니다.연합뉴스TV 김주영입니다.[영상취재 신재민][영상편집 김건영]#코스피 #최고치 #삼성전자 #시가총액 #1천조원 #우리증시연합뉴스TV 기사문의 및 제보 : 카톡/라인 jebo23",https://n.news.naver.com/mnews/article/422/0000830371
2026-02-05 01:28:01,Economy,[마켓인] “안 한다더니”…BDC 신청 임박에 5개 운용사 ‘참전’,"신한·한화·미래에셋·NH아문디·한투, 초기 신청 채비관망서 ‘1호 경쟁’으로…종합운용사들 동시 참전IPO 회복 지연 속 상장 전 스케일업 자금 창구로 부상이 기사는 2026년02월04일 18시00분에 마켓인 프리미엄 콘텐츠로 선공개 되었습니다.[이데일리 마켓in 원재연 박소영 기자] BDC(기업성장집합투자기구) 시장에 자산운용사들이 잇따라 발을 들이고 있다.제도 시행 시점이 가시화되고 정부의 모험자본 정책 기조가 분명해지자, “이득이 없다”며 관망하던 운용사들이 일제히 태도를 바꿔 1호 인가 신청 준비에 나서는 모습이다.



사진= 뉴스14일 금융투자업계에 따르면 신한자산운용, 한화자산운용, 미래에셋자산운용, NH아문디자산운용, 한국투자신탁운용 등 종합 자산운용사들은 다음달 BDC 인가 신청을 위한 내부 검토의 막바지 단계에 들어갔다. 일부 운용사는 내부 검토를 사실상 마무리한 것으로 전해졌다. 불과 몇 달 전만 해도 “리스크가 크다”, “벤처캐피탈(VC) 영역과 겹친다”며 한발 물러섰던 분위기가 바뀌었다.BDC는 공모 형태로 자금을 모아 비상장 스타트업과 코스닥·코넥스 상장 혁신기업에 투자하는 상장형 펀드다. 개인이 직접 비상장 주식을 장외에서 사고파는 대신 공모·상장 상품을 통해 간접 투자할 수 있도록 설계된 것이 핵심이다. 장외 유통시장이 제한적인 국내 자본시장 구조상 비상장 주식은 개인에게 접근이 쉽지 않은 자산으로 분류돼 왔다. BDC는 이 영역을 제도권 안으로 끌어들이는 첫 시도라는 점에서 의미가 크다는 평가다.그동안 비상장 기업 투자는 벤처캐피탈(VC)이나 일부 기관투자가의 전유물에 가까웠다. 개인 투자자는 상장 이후에야 기업 가치 상승의 일부를 공유할 수 있었고, 상장 전 단계에서는 사실상 배제돼 있었다. BDC는 공모 기반 구조를 통해 이 간극을 메운다. 공모·상장 구조를 통해 개인 자금이 모험자본으로 유입될 수 있는 통로를 제도적으로 열었다는 점에서 기존 펀드와 성격을 달리한다.업계에서는 제도 시행 시점과 시장 환경이 맞물리면서 운용사들의 판단이 달라졌다고 본다. 증권사의 IMA(종합투자계좌) 도입과 150조원 규모의 국민성장펀드 출범이 예고되면서, 공모 기반 기업금융 상품 라인업을 선점하려는 전략적 판단이 작용했다는 분석이다. 시장 여건도 한 몫 했다. IPO(기업공개) 시장의 회복이 지연되면서 상장 전 단계에서 기업의 스케일업(단기에 고성장 기업으로 도약) 자금을 책임질 새로운 창구에 대한 수요가 커졌다. 운용사 입장에서는 공모펀드 구조로 비교적 안정적 운용보수를 확보할 수 있다는 점도 매력적인 요인으로 꼽힌다. 한 운용사 관계자는 “공적 자금과 정책 자금이 깔린 시장에서 1호 타이틀을 가져가는 것만으로도 의미가 있다”며 “IMA, 국민성장펀드와 나란히 놓고 보면 BDC를 빼기 어려운 그림이 됐다”고 말했다.초기 BDC의 운용 전략은 상대적으로 보수적일 가능성이 크다는 시선도 나온다. 공모·상장 상품이라는 특성상 변동성을 낮추는 것이 우선 과제로 꼽혀서다. 1호 BDC는 메자닌(채권과 주식의 중간 위험·수익 단계) 중심의 포트폴리오로 출발한 뒤 시장 안착 이후 보통주 투자 비중을 점진적으로 확대하는 방식이 유력하게 거론된다. 자산운용사 입장에서도 개인 투자자의 눈높이를 고려하지 않을 수 없기 때문이다.다만 기대와 함께 경계의 시선도 공존한다. 초기에는 ‘1호 BDC’ 타이틀을 확보하려는 경쟁이 치열하겠지만, 이후에도 시장이 지속적으로 확대될지는 아직 판단하기 어렵다는 이유에서다. 제도 도입 초기인 만큼 정책적 관심과 공적 자금이 집중되지만, 장기적으로는 성과와 운용 역량이 관건이 될 것이라는 시각이다.한 운용사 관계자는 “1호 BDC가 나온 후에도 잘 될지는 불확실하다”며 “다만 지금 시점에서 참여하지 않으면 정책 흐름에서 소외될 수 있다는 부담이 있다”고 말했다. 또 다른 관계자는 “공적자금과 함께 운용보수를 안정적으로 확보할 수 있는 구조라, 운용사 입장에서는 시도하지 않을 이유가 많지 않다”고 했다.",https://n.news.naver.com/mnews/article/018/0006213387
2026-02-05 01:28:02,Economy,"DB손보, 지난해 결산 주당배당금 7600원…전년비 11.8% 증가",DB손해보험 본사 전경.(사진=DB손해보험)[이데일리 김형일 기자] DB손해보험 이사회가 지난해 회계연도 결산 주당배당금(DPS)을 7600원으로 결정했다고 공시했다. 전년 대비 11.8% 증가한 수치다. 지난해 보험업계는 저성장 기조와 손해율 상승으로 인해 전반적으로 손익이 감소했다. DB손보 역시 보험손익이 전년 대비 감소해 배당확대 부담이 컸으나 주주 환원약속 이행을 위해 배당규모를 오히려 확대했다.이는 지난해 초 발표한 중장기 기업가치 제고(밸류업) 계획에 따른 것이다. 당시 DB손보는 2028년까지 별도 재무제표 기준 주주환원율을 35%까지 점진적으로 확대하겠다고 공시했다.증권업계에서는 DB손해보험의 높은 자본안정성에 배당소득 분리과세 혜택까지 고려하면 고배당주로의 매력이 더욱 부각될 것으로 보고 있다. 이에 따라 외국인 및 기관투자자의 매수 유인이 강화될 것으로 전망하고 있다.DB손보 관계자는 “향후에도 안정적인 지급여력비율(K-ICS) 관리를 바탕으로 다양한 주주환원정책을 검토하여 지속적으로 주주가치를 제고해 나갈 계획”이라고 말했다.,https://n.news.naver.com/mnews/article/018/0006213384
2026-02-05 01:28:03,Economy,[단독] 국민의힘 '거래소 대주주 규제' 저지 본격화…5일 정무위 전체회의서 논의,"5일 정무위 전체회의서 국민의힘 질의 예정여당·금융당국, 거래소 지분 제한 드라이브에민간기업 지분율 사후 규제 재산권 침해 '위헌'업계 성명문 내고 강하게 반발…""산업 근간 흔들것""



지난 1월 14일 국민의힘 ‘주식및디지털자산밸류업특별위원회’가 14일 서울 서초구 드림플러스 강남에서 디지털자산 업계와 정책간담회를 개최했다.ⓒ데일리안 황지현 기자[데일리안 = 이주은기자, 황지현 기자] 국회 정무위원회가 가상자산 거래소 대주주 지분 적격성 기준을 두고 충돌할 전망이다. 정부가 디지털자산 거래소의 대주주에 대한 지분 규제를 추진하기로 하며 논란이 일고 있는 가운데, 야당인 국민의힘은 5일 열리는 정무위 전체회의에서 해당 기준이 과도한 규제이자 위헌 소지가 있다는 취지의 질의를 이어가며 반대 공세에 나선다.4일 데일리안 취재를 종합하면 정무위원회 소속 국민의힘 위원 일부는 오는 5일로 예정된 정무위 전체회의에서 금융위원회의 '가상자산 거래소 대주주 지분 제한 및 적격성 심사' 추진 방안에 대해 반대 질의를 준비하고 있다.현재 정부는 거래소들의 소유 분산 기준을 특수관계인을 포함해 15~20% 수준으로 제한하는 방안을 논의하고 있다. 디지털자산기본법이 통과되면 국내 5대 원화 가상자산 거래소 최대주주는 지분 매각이 불가피하다. 두나무의 경우 송치형 회장이 25.52% 지분을 갖고 있으며 빗썸의 경우 빗썸홀딩스가 73.56% 지분을, 코인원은 차명훈 대표가 53.44% 지분을 갖고 있다.국민의힘 의원들은 금융 당국이 내세운 가상자산 거래소 대주주 지분 제한안에 헌법 위헌 소지가 있다는 점을 타깃으로 공세에 나설 것으로 보인다. 법을 만들어 기존 대주주 지분을 강제로 팔도록 하는 것이 헌법상 국민 기본권인 재산권을 박탈하는 것과 동일하다는 주장이다. 민간 기업인 가상자산 거래소의 대주주 지분율을 사후에 제한해 공공재화하는 것이 헌법상 보장된 재산권을 침해할 소지가 크다는 의견도 제기된다.한 국민의힘 의원실 관계자는 ""대주주 지분율을 15~20% 수준으로 제한하는 것은 지분을 강제 매각하라는 것으로 위헌 요소가 있다. 과도한 규제""라고 말했다.국민의힘은 주식 및 디지털자산 밸류업 특위를 구성해 가상자산거래소와 간담회를 갖는 등 업계와 접촉하며 현장 의견을 청취, 관련해 목소리를 높이고 있다.김상훈 국민의힘 주식 및 디지털자산 밸류업 특위 위원장은 지난달 14일 '디지털자산업계 정책간담회'에서 ""강제적인 지분 분산 자체가 책임의 소재를 모호하게 하고 자본의 해외 유출이라든지 여러 가지 부작용이 있을 수 있다는 판단을 하고 있다""고 지적한 바 있다.여당과 금융당국의 강한 드라이브에 가상자산 업계는 물론 IT(정보기술), 핀테크 업계 전반에서는 성명문을 내며 거센 반발을 이어가고 있다. 산업 특성이 고려되지 않은 규제는 성장 동력을 잃게 만들어 글로벌 경쟁력 등에 부정적 영향을 미칠 수 있다는 우려다.디지털자산거래소 공동협의체(DAXA·닥사)는 ""민간 기업의 소유 구조를 인위적으로 변경하려는 시도는 자생적으로 성장해 온 디지털자산 산업의 근간을 흔드는 조치""라며 강한 반대 의사를 밝혔다.한국인터넷기업협회는 ""전 세계에 유례 없는 대주주 지분 제한은 또 하나의 갈라파고스 규제""라며 ""벤처캐피탈과 전략적 투자자들은 창업자의 지분 구조와 경영 안정성을 핵심 투자 판단 요소로 고려하는 만큼 대주주 지분 규제는 국내 벤처·스타트업 전반에 대한 투자 회피로 이어질 것""이라고 지적했다.",https://n.news.naver.com/mnews/article/119/0003056163
2026-02-05 01:28:03,Economy,[오일 Drive] 아부다비 국부펀드 2곳 통합한 UAE…속내는?,"지난해 설립된 국부펀드 리마드, ADQ와 통합AUM 436조원 규모…국가 전략 산업 투자한다PE 협력·직간접 투자로 글로벌 영향력 키울 듯이 기사는 2026년02월04일 17시45분에 마켓인 프리미엄 콘텐츠로 선공개 되었습니다.[이데일리 마켓in 박소영 기자] 세계 최대 국부펀드가 즐비한 중동으로 글로벌 투자은행(IB)업계의 시선이 향하고 있습니다. ‘오일 드라이브(Drive)’는 중동 투자시장 소식을 전하는 시리즈입니다. 오일머니에 뛰어드는 글로벌 투자사들의 이야기와 석유 의존에서 벗어나 신기술 기반 투자에 집중하려는 중동 현지의 소식을 모두 다룹니다. 국내 기업의 중동 자본 투자유치 소식도 전달합니다. [편집자주]아랍에미리트(UAE) 수도 아부다비에서 초대형 국부펀드가 탄생할 것으로 전망된다. 현지 국부펀드 두 곳을 통합해 운용자산(AUM) 약 3000억달러(약 435조5400억원) 규모의 국부펀드가 출범해서다. UAE는 국부펀드의 몸집을 키워 글로벌 운용사(GP)들과 협력해 글로벌 자본시장에서 영향력을 키운다는 복안이다.



이재명 대통령과 칼리드 빈 모하메드 빈 자예드 알 나흐얀 UAE 아부다비 왕세자가 31일 경북 경주화백컨벤션센터에서 열린 2025 아시아태평양경제협력체(APEC) 정상회의에서 기념촬영을 하고 있다. (사진=대통령실·뉴시스)4일 글로벌 투자은행(IB) 업계에 따르면 최근 UAE 아부다비 최고재정경제위원회(SCFEA)는 리마드 홀딩 컴퍼니(L’IMAD)와 아부다비국영지주회사(ADQ)를 통합·재편한다고 발표했다.ADQ는 2018년에 설립된 UAE 주요 국부펀드 중 하나로 2630억달러(약 381조 9549억원) 이상 운용자산을 보유하고 있다. 포트폴리오에는 △에너지 △운송·물류 △농식품 △의료·생명과학 △금융 서비스 △인프라 △광물·자원 △부동산 등 다양한 업종의 글로벌 기업이 담겨 있다.리마드는 아부다비 정부가 만든 국부펀드이자 정부 투자 플랫폼 성격의 투자기관으로 지난해 설립됐다. 칼리드 빈 모하메드 알 나흐얀 아부다비 왕세자가 의장을 맡고 있다.리마드는 워너브라더스 디스커버리 인수전에서 처음 존재감을 나타냈다. 사우디아라비아 국부펀드(PIF), 카타르 투자청(QIA)와 함께 파라마운트 컨소시엄에 들어가 인수 입찰에 참여해서다.SCFEA는 ADQ 자산을 리마드 산하로 통합하게끔 했다. 현지 관계자들은 두 국부펀드의 통합을 두고 “리마드의 AUM이 약 3000억달러(약 435조 5400억원)에 달하게 됐다”고 예측했다.리마드는 UAE의 △장기적인 경제 성장 지원 △정부 수입원 다각화 △전략 분야 투자 수익률 증가를 목표로 한다. 특히 전략적으로 중요한 분야에서 ‘국가대표 기업’을 육성하기 위해 자금을 투입하는 데 집중한다.실제로 리마드는 출범 당시부터 에너지·인프라, 항공·물류, 의료·식품, 부동산·금융 이르기까지 다양한 분야에 투자했다. 대표적 투자 자산으로는 에티하드 항공, 아부다비 항만, 영국 슈퍼카 제조사 맥라렌 등이 꼽힌다.리마드는 이번 통합으로 확보한 ADQ 자산을 바탕으로 향후 공공·민간 금융시장에서 직·간접 투자를 적극 추진한다는 방침이다. 또 국가 전략 분야에서 글로벌 사모펀드(PEF) 운용사들과 전략적 파트너십을 맺어 글로벌 입지를 크게 확대한다는 계획이다.현지 업계 한 관계자는 “아부다비는 이번 신규 국부펀드 자금을 활용해 외국인 직접투자(FDI) 유치를 활성화하고 경제 다각화에 속도를 내려는 것”이라며 “기업 지분 직접투자 의지도 드러낸 만큼 사모펀드 스타일의 공격적인 국부펀드가 탄생할 것”이라고 분석했다.",https://n.news.naver.com/mnews/article/018/0006213360
2026-02-05 01:28:04,Economy,"BNK금융, 부산경찰청과 금융범죄 피해자 돕는다","4일 오후 부산경찰청에서 BNK금융그룹 빈대인 회장(왼쪽부터)과 엄성규 부산경찰청장, 구정회 대한적십자사 부산지사회장이 업무협약서를 들고 포즈를 취하고 있다. 부산은행 제공 BNK금융그룹은 4일 오후 부산경찰청에서 민생침해금융범죄 예방과 피해자 긴급지원을 위한 업무협약식을 개최했다고 밝혔다.  이번 협약식에는 그룹과 부산경찰청, 대한적십자사 부산지사가 참여했으며, 보이스피싱·로맨스스캠·투자사기 등 서민의 일상과 생계를 위협하는 민생침해금융범죄를 예방하고, 범죄 피해 발생 시 신속하고 실질적인 지원이 이뤄질 수 있도록 협력체계를 구축하기 위해 마련됐다.  BNK금융은 그룹 희망나눔재단을 통해 민생침해금융범죄 피해자 지원을 위한 기금 2억원을 조성하고, 금융소비자 보호와 금융피해 예방을 위한 다양한 방안을 추진할 예정이다.  빈대인 회장은 ""이번 협약이 금융사기 등 민생침해금융범죄로 어려움을 겪는 피해자에게 실질적인 도움이 되길 바란다""고 말했다.",https://n.news.naver.com/mnews/article/014/0005473589
2026-02-05 01:28:05,Economy,"농협은행, 원화 스테이블코인 생태계 구상 본격화","택스리펀드 디지털화 PoC 기반 금융 인프라 연계 모색글로벌 디지털자산 기업과 협력…은행 중심 신뢰 기반 모델 논의



NH농협은행(은행장 강태영)은 2일 서울 중구 본사에서 원화 스테이블코인 생태계 구상을 위한 전략 미팅을 진행했다. 농협은행 인공지능(AI)데이터부문 임직원과 파이어블록스(Fireblocks) 임직원들이 디지털자산 생태계 구축 선도를 다짐하고 있다. NH농협은행 NH농협은행(은행장 강태영)은 2일 서울 중구 본사에서 글로벌 디지털자산 인프라 기업 파이어블록스(Fireblocks)와 함께 ‘택스리펀드 디지털화 PoC 및 원화 스테이블코인 생태계 구성 방안’을 주제로 전략 미팅을 진행했다고 4일 밝혔다.   이번 미팅에는 농협은행 인공지능(AI)데이터부문 임원과 실무진, 스테픈 리처드슨(Stephen Richardson) 파이어블록스 전략 담당 임원(CSO)을 비롯해 글로벌 및 아시아 세일즈 책임자들이 참석했다.   양사가 공동으로 추진 중인 택스리펀드 디지털화 PoC는 지난해 11월 착수, 오프라인 워크숍을 거쳐 올해 1월 설계를 마무리했다. 4월까지 개발과 테스트를 완료할 계획이다.   이와 함께 파이어블록스는 글로벌 은행과 기관투자자를 대상으로 한 디지털자산 운영 사례를 공유하며 지갑·보안 인프라 구축, 규제 대응 전략, 글로벌 네트워크 확장 방안 등을 소개했다. 전세계 금융권의 스테이블코인 도입 사례와 결제·유통·보안 인프라 동향에 대한 논의도 함께 이뤄졌다.   양사는 원화 스테이블코인이 금융 인프라와 디지털자산 서비스를 연결하는 핵심 결제 수단으로 발전할 가능성에 공감하고 은행 중심의 신뢰 기반 구조를 글로벌 블록체인 네트워크와 결합하는 협력 모델에 대해 의견을 나눴다.   농협은행 관계자는 “이번 논의를 계기로 원화 스테이블코인을 중심으로 한 디지털자산 생태계 구축을 모색해 나갈 것”이라며 “제도화 방향에 맞춰 글로벌 금융 인프라와의 연계와 국내 금융 혁신을 동시에 추진하겠다”고 말했다.",https://n.news.naver.com/mnews/article/662/0000087946
2026-02-05 01:28:06,Economy,"[오늘의 DT인] “급여 선지급 슈퍼앱으로 임금체불 막고, 韓기업 신뢰도 높여요”","‘리프트’ 베트남 공식 론칭… 한 달 만에 거래 900% 증가현지 韓기업에 확산 목표… 전략적 파트너로서 자리매김



양정호 리프트 대표가 디지털타임스와의 인터뷰에 응하고 있다. [리프트 제공]양정호 리프트 대표“선지급 슈퍼앱 ‘리프트’는 이머징 마켓 블루칼라 근로자들의 삶의 가치를 한 단계 올리는 서비스라 확신할 수 있습니다. 베트남 주요 공단 지역을 중심으로 베트남 현지에 있는 한국 기업에 빠르게 확산시키는 것이 목표입니다. 장기적으로는 급여 선지급을 시작으로 근로자들이 한국 기업에 신용을 쌓고 더 나은 금융 기회를 얻을 수 있는 복지 슈퍼앱으로 확장시키겠습니다.”급여 선지급 핀테크 서비스 리프트(LIFT)를 운영하는 양정호(사진) 대표는 런던대(ucl) 수학과를 졸업한 이후 2013년 베트남에 처음 발을 디뎠다. 네이버 동남아 법인에서 현지 시장에 필요한 서비스를 기획하고 플랫폼을 운영하며 동남아 전반을 경험한 그는, 이후 라인의 동남아 이머징 마켓 전략을 맡아 글로벌 서비스 확장을 이끌었다. 2015년 설립한 크리에이터 기반 다중 채널 네트워크(MCN) 사업은 글로벌 시장에서 빠르게 성장하며 2019년에 약 500만달러 규모의 투자를 유치하기도 했다.그가 ‘금융 복지’라는 전혀 다른 영역에 주목하게 된 계기는 베트남 현장에서 마주한 현실이었다. 호치민 같은 대도시에 머물며 비교적 안정적인 화이트칼라 환경만 봐왔지만 제조 현장의 블루칼라 근로자들은 전혀 다른 삶을 살고 있었기 때문이다.4일 디지털타임스와 만난 양 대표는 “우연히 베트남 현지인들의 일상에 깊숙이 관심을 갖게 되면서 당장 내일 쓸 현금이 없어 고금리 사금융에 내몰리는 심각한 금융 소외 현상을 보게 됐다. ‘오늘 당장 필요한 유동성’을 해결해 주는 것이야말로 그들의 삶을 지탱하는 실질적인 복지라고 확신해 리프트를 시작하게 됐다”고 설명했다.그는 “갑작스러운 병원비나 생활비 때문에 고금리 사채를 쓰고 이를 갚지 못해 가족과 야반도주하거나 불법 추심에 시달리는 사례를 간접적으로 수없이 접했다”고 회상했다.이 문제가 특히 베트남과 동남아에서 심각한 이유는 금융 구조에 있다. 신용 기반 금융 자체가 극도로 제한돼 있기 때문이다. 근로자의 금융 취약성은 곧바로 기업 문제로 이어진다. 양 대표는 “베트남에 진출한 한국 기업만 1만개 이상, 이들이 고용한 현지 근로자는 최소 100만명에서 150만명으로 추산된다. 제조업 중심의 기업에서 가장 중요한 핵심성과지표(KPI)는 생산성 유지”라고 설명했다.매일 정해진 물량을 생산해야 하는 제조 현장에서 근로자의 무단결근, 갑작스러운 이탈은 곧바로 생산 차질로 이어진다는 것이다.이직률이 높아질수록 기업은 채용 비용, 교육 비용, 생산성 저하라는 삼중 부담을 떠안게 된다.이 지점에서 리프트가 선택한 해법이 바로 급여 선지급(EWA)이다. EWA는 대출 상품보다는 근로자가 이미 일한 만큼의 급여를 월급일 전에 미리 사용할 수 있게 하는 복지에 가깝다.근로자 입장에서 가장 큰 강점은 접근성과 속도다. 리프트 앱을 통해 24시간 언제든 3초 만에 인출할 수 있다. 양 대표는 “근로자들이 가장 많이 하는 말은 고맙다는 한마디”라며 “필요할 때 바로 쓸 수 있다는 점 자체가 삶의 안정감을 준다”고 말했다.기업 입장에서도 리프트는 부담 없는 복지다. 도입 비용, 설치 비용, 월 사용료가 없고 기업이 추가로 급여를 부담할 필요도 없다. 급여 범위 내에서만 인출이 이뤄지기 때문이다. 그는 “직원 만족도가 높아질수록 이직률이 낮아지고 이는 곧 생산성 개선으로 이어진다”며 “기업 입장에서는 잃을 게 없는 구조”라고 강조했다.이 같은 구조는 빠른 성과로도 이어지고 있다. 정식 론칭 한 달 만에 거래 건수가 900% 증가했고 근로자 리텐션은 100%를 기록했다. 특히 앱 출시 전 수기 방식으로 진행한 파일럿 테스트에서도 유사한 수치가 나왔다는 점이 인상적이라는 평을 받고 있다.양 대표는 “리프트의 목표는 명확하다. 베트남 주요 공단 지역을 중심으로 한국 기업들을 빠르게 설득하고 도입을 확산하는 것이다”면서 “근로자들이 신용을 쌓고 더 나은 금융 기회를 얻을 수 있는 ‘복지 슈퍼앱’으로 만들겠다”고 힘줘 말했다.",https://n.news.naver.com/mnews/article/029/0003009160
2026-02-05 01:28:06,Economy,"[EU있는경제] 상장 대신 매각…유럽 벤처기업들, PE로 엑시트 속속","유럽서 IPO보다 PE 매각 택한 비상장사 증가지난해 PE 바이아웃 엑시트 규모만 32.6조원24조 기록한 지난 2024년 대비 25% 이상 증가IPO 침체에 ""굳이 IPO 하느니 매각한다"" 기조AI 기반 스타트업 인기…""애드온에 적합한 매물""이 기사는 2026년02월04일 17시29분에 마켓인 프리미엄 콘텐츠로 선공개 되었습니다.[이데일리 마켓in 김연지 기자] ""언제 상장하느냐 보다는 어느 사모펀드(PEF) 운용사에 매각할 수 있을지를 고민한다.""최근 유럽 스타트업들 사이에서 나오는 말이다. 유럽의 기업공개(IPO) 시장이 좀처럼 회복되지 못하면서 벤처기업들의 엑시트(자금회수) 전략이 달라지고 있다. 한 때 IPO가 교과서적인 엑시트 창구로 여겨졌지만 금리 상승과 경기 둔화, 상장 후 주가 부진 이슈가 겹치면서 매력도가 떨어졌다는 평가다. 전략적 투자자(SI)들 인수도 주춤한 가운데 자금 여력이 있는 사모펀드 운용사들이 빈자리를 메우는 흐름이 이어지고 있다. 



지난해 VC로부터 한 번이라도 투자를 유치한 스타트업 중 PE에 매각한 스타트업이 대폭 늘어난 것으로 집계됐다. (사진=피치북 보고서 갈무리)4일 글로벌 시장조사업체 피치북이 발표한 '2025 유럽 벤처 보고서'에 따르면 지난해 유럽에서 VC 투자를 받은 스타트업의 PE 바이아웃(지분을 사들여 경영권까지 넘겨받는 인수) 엑시트 규모는 190억유로(약 32조6170억원)로 집계됐다. 이는 141억유로(약 24조원)를 기록한 전년 대비 35% 이상 증가한 수치다. 반면 IPO 건수는 회복세를 보이지 못했다. 지난 2024년 181건이었던 유럽 IPO는 지난해 115건에 그친 것으로 나타났다. 상장 기업의 약 90%가 흑자를 기록하면서 적자 상태의 VC 투자 기업들은 상장 문턱을 넘기 어려워져서다. 성장성 중심의 상장이 줄고 수익성과 현금흐름이 검증된 기업 위주로 증시에 입성하는 구조가 굳어지기 시작한 배경이다.수익성과 비용 구조를 점검해온 스타트업들은 이런 환경에 전략을 바꾸고 있다. 겉으로 보이는 시장 분위기와 달리 실제 자금 사정은 IPO에 기대기엔 여전히 녹록지 않기 때문이다. 유럽 증시로 자금이 충분히 유입되지 않는 흐름까지 이어지면서 공모시장에서 기대할 수 있는 자금 여력이 예전만 못하다는 얘기다.이 때문에 상장을 서두르기보다 PE에 매각해 유동성을 확보하는 쪽이 현실적인 선택지로 떠오르고 있다. 상장 이후 주가 변동 위험을 감수하기보다 일정 수준의 기업가치를 확정하고 엑시트를 마무리하는 결정이 늘고 있다는 설명이다. 보고서는 ""(스타트업이 PE의 바이아웃으로 엑시트하는 현상이) 현금흐름과 재무 구조 개선을 중시하는 PE 투자 기준과 맞물리는 지점이 넓어졌다""며 ""바이아웃 전략에 들어맞는 기업 범위가 예전보다 확대된 것""이라고 분석했다.PE 입장에서도 조건은 나쁘지 않다. 2021년 과열기를 지나며 밸류에이션이 조정을 거치면서 가격 부담이 낮아졌기 때문이다. 실적과 현금흐름이 확인된 후기 단계 스타트업을 상대적으로 낮은 가격에 인수해, 기존 포트폴리오 기업을 중심으로 추가 인수를 이어가는 애드온 전략을 펼치기에도 적합한 환경이 조성됐다는 평가다.그렇다면 PE들은 수많은 스타트업 중 어떤 섹터의 기업에 주목하고 있을까. 보고서에 따르면 바이아웃 중에서도 유독 높은 가격에 거래되는 기업들은 AI 분야에 있었다. 대표적으로 사모펀드운용사 비스타에쿼티파트너스는 AI 기반의 직원 경험 관리 소프트웨어 기업 넥스씽크를 약 26억유로(약 4조4638억원)에 인수했다. 또 벡터캐피털은 벨기에의 AI 기반 매출관리 기업 쇼패드를 약 9억4090만유로(약 1조6144억원)에 인수했다. 코사이어캐피털은 AI 기반 신원인증 스타트업 아이디나우를 2억9500만달러(약 4277억원)에 품었다.보고서는 ""유럽 벤처 생태계에서는 IPO가 아닌 사모펀드발 M&A가 주요 엑시트 창구로 부상하는 등 구조적 변화가 이뤄지고 있다""며 ""AI가 시장 전체 지표를 끌어올리고 있지만, 그 외 영역에서는 자본 경색이 이어지며 PE가 사실상 대체 자본시장 역할을 수행하고 있는 것""이라고 진단했다.",https://n.news.naver.com/mnews/article/018/0006213348
2026-02-05 01:28:07,Economy,[인사] 금융위원회,[데일리안 = 손지연 기자] <전보>◇과장 ▲서민금융과 오유정 ▲포용금융지원과 이지현,https://n.news.naver.com/mnews/article/119/0003056145
2026-02-05 01:28:08,Economy,환율 방어에 외환보유액 두달째 줄었다… 감소폭은 축소,"1월말 4259억1천만弗 세계 9위작년 5월부터 늘다가 하락전환국민연금과의 외환스와프 영향 



4일 서울 중구 하나은행 위변조대응센터에서 직원이 달러를 정리하고 있다. 고환율 국면에서 외환시장 안정을 위한 달러 공급이 이어지면서 지난 1월 말 기준 우리나라 외환보유액은 4259억1000만달러로 두 달 연속 감소했다. 연합뉴스 



 여전히 높은 수준을 유지하고 있는 원·달러 급등세를 누르기 위한 외환당국 조치로 외환보유액이 두 달 연속 줄어든 것으로 나타났다.  4일 한국은행에 따르면 지난 1월말 기준 우리나라 외환보유액은 4259억1000만달러로 집계됐다. 전월 말(4280억5000만달러) 대비 21억5000만달러 감소했다. 외환보유액은 지난해 5월말(4046억달러) 약 5년 만에 최저 수준으로 떨어졌다가 11월까지 6개월 연속 늘었지만 12월 그 흐름이 끊겼고, 올해 첫 달 다시 줄었다. 예치금(233억2000만달러)이 85억5000만달러 축소된 영향이 컸다. 다만 국채, 정부기관채, 회사채, 자산유동화증권(MBS, 커버드본드 등) 같은 유가증권은 3775억2000만달러에서 3775억2000만달러로 약 63억9000만달러 늘었다. 특별인출권(SDR·158억9000만달러)과 금(47억9000만달러)은 그대로였다. 국제통화기금(IMF) 회원국이 출자금 납입·융자 등으로 보유하게 되는 청구권인 IMF포지션은 1000만달러 증가하는 데 그쳤다.  한은이 지난해 12월 1480원을 넘어선 환율을 진정시키기 위해 국민연금과의 외환스와프를 통한 환헤지를 실시한 점이 주효했던 것으로 파악된다. 한은 관계자도 외환보유액 감소를 두고 ""국민연금과의 외환스와프 등 시장안정화 조치에 주로 기인한다""고 설명했다.  앞서 원·달러 환율은 지난해 12월 23일엔 종가 기준 1483.60원을 기록했고, 외환당국 개입 이후 1420원선까지도 밀렸으나 1월말 1439.50원을 가리켰다. 2월 첫 거래일인 2일엔 1464.30원으로 거래를 마쳤다. 다만 외환보유액이 2개월 연속 축소되긴 했으나 1월 감소폭은 전월(26억달러)보단 줄었다. 환율을 누르기 위한 외환당국 개입 강도가 다소 완화된 결과로 해석된다. 지난해 12월 19일 열렸던 '2025년도 제24차 임시 금융통화위원회'에서 의결한 '한시적(6개월) 외화예금 초과 지급준비금(외화지준) 부리(이자 지급)' 정책도 효과를 발휘한 모습이다.  한은은 해당 정책 효과에 대해 ""외국환은행은 리스크 대비 상대적으로 양호한 수익으로 국내에서 외화자금 운용이 가능하고, 외환보유액이 증가하는 효과가 있다""며 ""외국환은행이 기타 금융기관, 개인, 기업들에 조금 더 높은 금리를 제시함으로써 이들이 해외에서 운용하던 외화예금이 국내 유입되는 부수적 효과도 기대할 수 있을 것""이라고 설명하고 있다.  주요국과 순위를 비교할 수 있는 우리나라의 외환보유액은 지난해 12월말 기준 세계 9위였다. 중국이 3조3579억달러로 1위였고 이어 일본(1조3698억달러), 스위스(1조751억달러), 러시아(7549억달러), 인도(6877억달러), 대만(6026억달러), 독일(5661억달러), 사우디아라비아(4601억달러) 등 순이었다.",https://n.news.naver.com/mnews/article/014/0005473529
2026-02-05 01:28:09,Economy,“자산 보관 넘어 운용까지…비트코인 은행으로 진화 목표”[CEO&스토리],"■조진석 한국디지털에셋 대표KB국민은행 입사해 28년간 근무디지털전환·신사업 총괄한 ‘혁신통’고객에 수익 돌려주는 사업모델로 확장검증된 기업과 협력·해외진출도 추진



조진석 KODA 대표가 서울 강남구에 위치한 본사에서 서울경제신문과 인터뷰를 하고 있다. 조태형 기자조진석(사진) 한국디지털에셋(KODA) 대표는 KB국민은행에서만 28년 근무한 전형적인 ‘은행통’이다. 무역학과를 졸업한 그는 1992년 KB국민은행에 입행했다. 여느 행원과 다르지 않게 영업점에서 근무를 시작했지만 단순히 좋아서 배운 컴퓨터 프로그램이 그의 삶을 바꾸기 시작했다. 조 대표는 “그때만 해도 은행에 정보기술(IT) 인력이 많지 않았다”며 “그냥 재미있어서 호기심으로 독학했다”고 회상했다.취미로 시작한 공부는 곧 커리어가 됐다. IT 전공자는 아니었지만 홈페이지 관리 업무를 맡았고 인터넷뱅킹이 도입되자 시스템 운영을 담당했다. 이후 정보보호부장을 거쳐 2018년에는 신기술혁신센터장에 올랐다. 은행의 디지털 전환과 신사업을 고민하는 핵심 부서였다.이 시기에 조 대표가 눈여겨본 미래 산업 중 하나가 가상자산이다. 인공지능(AI), 빅데이터, 블록체인 등 신사업을 검토하던 그는 가상화폐 커스터디(수탁) 사업을 보며 확신을 갖게 됐다. 그는 “이건 은행이 하는 일과 크게 다르지 않다고 봤다”며 “고객 자산을 안전하게 보관하고 관리하는 게 은행의 본질이기 때문”이라고 밝혔다.그 생각은 KODA로 이어졌다. KODA는 KB국민은행과 블록체인 전문 투자사 해시드 등이 합작해 설립한 가상화폐 커스터디 기업이다. 국내 최초로 제도권 은행이 참여했다는 점에서 출범 당시부터 시장의 주목을 받았다.조 대표는 KODA 설립 단계부터 참여해 2021년 이사로 합류했고 2023년부터는 대표를 맡아 회사를 이끌고 있다. 메이저 은행이 직접 세운 만큼 조 대표를 비롯해 준법감시인, 정보보호최고책임자(CISO) 등 임원 대부분이 20년 이상의 금융권 경력을 가진 전문가들로 구성돼 있다. 이 같은 안정성을 바탕으로 KODA는 현재 국내 가상화폐 커스터디 업계 1위를 유지하고 있다.설립 6년 차를 맞은 지금 조 대표의 시선은 다음 단계로 향해 있다. 고객의 자산을 단순 보관하는 것을 넘어 운용까지 아우르는 ‘가상화폐판 은행’으로의 진화다. 조 대표는 “지금은 고객 자산을 보관하고 수수료를 받는 구조지만 운용이 허용되면 은행 예금처럼 자산을 굴려서 수익과 보상을 돌려주는 사업 모델로 확장할 수 있다”고 말했다.배경에는 제도 변화가 있다. 현재 가상자산사업자는 거래소와 커스터디 업체로 한정돼 있지만 향후 디지털자산기본법(2단계법)이 입법화되면 사업 범위가 운용·자문·위임 등으로 확대될 가능성이 크다. 조 대표는 “운용이 가능해지면 보관 수수료 대신 운용 수수료를 받고 운용 수익을 고객에게 지급하는 구조로 바뀔 것”이라며 “은행의 예적금과 기본적인 틀은 같다”고 설명했다.KODA가 가진 강점도 분명하다. 이미 고객의 가상화폐를 보관하고 있는 만큼 운용을 위한 추가적인 고객확인(KYC)을 거칠 필요가 없다는 점이다. 여기에 다양한 파트너사와의 협력도 구상 중이다. 그는 “직접 운용할 수도 있지만 검증된 기업과 파트너십을 맺어 상품을 확장할 수 있을 것”이라며 “네이버 플랫폼에서 보험 상품을 가입할 수 있는 것과 비슷하다고 보면 된다”고 말했다.조 대표는 이 같은 사업 모델 확장을 통해 KODA를 ‘디지털 뱅크’로 키우겠다고 밝혔다. 그는 “가상화폐를 기반으로 보관·운용·보상 기능을 하나의 금융 서비스로 묶는 것이 목표”라며 “은행이 해온 역할을 가상화폐 환경에 맞게 재구성해 해외시장까지 노려보고 싶다”고 말했다.",https://n.news.naver.com/mnews/article/011/0004586749
2026-02-05 01:28:09,Economy,DSR에 무주택자 고액 전세대출 '이자'도 포함,"당국 가계대출 규제 확대에 촉각 금융당국이 무주택자의 고액 전세대출 '이자상환분'에 총부채원리금상환비율(DSR)을 적용하는 방안을 검토하고 있다. 이재명 대통령이 연일 부동산 투기를 경고하는 메시지를 내는 가운데 금융당국도 DSR 적용 범위를 어디까지 확대할지 고심하고 있다.  4일 금융당국에 따르면 이달 말 발표한 가계대출 관리방안에 DSR 적용 범위 확대방안을 포함할지 논의하고 있다. DSR 규제는 주택담보대출·신용대출 원리금 상환분에 적용되고 있다. 지난해 10·15 부동산대책에서 DSR 적용 범위를 처음으로 수도권 1주택자의 전세대출 이자상환분으로 확대했다. 하지만 아직 가계대출 중 약 40%만 DSR 규제를 적용받고 있다. 이에 금융당국은 상환능력 중심의 여신 관리 강화 취지에서 DSR 적용 대상을 확대하는 정책을 지속하고 있다.  이번에 검토 테이블에 오른 것은 무주택자 가운데 고액 전세대출 차주의 이자상환분에 DSR을 적용하는 방안이다. 최근 주택담보대출 금리뿐만 아니라 전세대출 금리도 껑충 뛰면서 차주들의 이자상환 부담도 커지고 있어서다. 이에 금융당국은 전세대출 규모에 따라 이자상환 부담이 얼마나 높아지는지 시뮬레이션을 진행하는 것으로 전해졌다.  다만 금융당국은 전세대출 원금에 대한 DSR 적용에 대해서는 선을 그었다. 금융당국의 한 관계자는 ""DSR 적용 확대는 검토 중이지만 발표 시기에 대해서도 아직 확정된 것은 없다""면서도 ""(전세대출) 원금에 대한 부분은 고려하고 있지 않다""고 말했다. 총대출액 1억원 이하 대출을 DSR 규제에 포함하는 방안도 논의 테이블에 올라 있다. 현재 DSR은 1억원 초과 대출에만 적용된다. 당국은 이를 '규제 사각지대'로 보고 있다.  금융당국은 정책대출을 소득 기준으로 세분화해서 DSR을 적용하는 방안도 들여다보고 있다. 다만 국토교통부와의 협의가 변수라는 입장이다.  금융당국이 올해 가계대출 증가폭을 1.8%보다 낮게 강화된 관리 목표를 제시하고 나선 만큼 올해 정책대출 공급규모 목표를 지난해보다 축소할지도 관심사다.",https://n.news.naver.com/mnews/article/014/0005473509
2026-02-05 01:28:10,Economy,"'롯데렌탈 결합 불승인' 어피니티, 로펌 새로 선임[Only 이데일리]","기존 법무법인 태평양과 계약 종료…세종 새로 선임공정위 결정 이의신청·경쟁 완화 방안 마련 등 유력이 기사는 2026년02월04일 17시15분에 마켓인 프리미엄 콘텐츠로 선공개 되었습니다.[이데일리 마켓in 송승현 기자] 롯데렌탈 인수가 불발된 사모펀드 어피니티 에쿼티 파트너스가 법무법인을 새로 교체하는 등 후속 대응에 본격적으로 나섰다.



롯데렌터카 서울역 지점 전경.(사진=롯데렌탈)4일 이데일리 단독 취재에 따르면 어피니티는 기존 기업결합을 자문한 법무법인 태평양과 자문 계약을 종료하고 법무법인 세종을 새로 선임했다.앞서 지난달 26일 공정거래위원회(공정위)는 어피니티가 롯데렌탈 주식 63.5%를 취득하는 기업결합을 심사한 결과 독과점 우려가 제기된다며 불승인 결정을 내렸다. 어피니티는 업계 2위인 SK렌터카를 소유하고 있는데, 업계 1위인 롯데렌탈까지 소유하면 국내 렌터카 시장 경쟁을 저해할 우려가 있다고 판단해서다.실제 롯데렌탈과 SK렌터카의 시장 점유율은 지난 2024년 말 기준 내륙 29.3%, 제주 21.3%로 집계됐다. 나머지 업체들은 영세한 중소업체들로 시장점유율이 미미하다. 공정위의 불승인으로 셈법이 복잡해진 어피니티는 세종을 새로 선임해 대응에 나섰다. 롯데그룹이 새 인수 후보자를 검토한다는 얘기도 있지만, 롯데그룹과 어피니티는 재심의에 방점을 찍고 있다.IB 업계와 법조계에서는 행정소송으로 이어질 가능성은 낮게 보고 있다. 행정소송의 경우 판결이 최종 확정되기까지 오랜 시간이 필요해서다. 비슷하게 독과점 우려로 공정위의 기업결합 불승인 결정을 받은 국내 피아노 시장의 ‘양대 산맥’인 삼익악기와 영창악기의 경우 대법원 확정까지 약 2년 반이 걸렸다. 결과도 공정위 승소였다. 기업을 사서 가치를 높인 뒤 되팔아 수익을 얻는 사모펀드의 특성상 오랜 시간을 필요로 하는 행정소송은 오히려 독이 될 수 있다.대신 이의신청을 통해 재심의를 받는 방법을 택할 가능성이 높다. 이의신청은 행정소송에 비해 빠른 시간에 결론이 날 수 있다는 장점이 있다. 공정거래법 제96에 따르면 처분에 불복하는 자는 통지를 받은 날부터 30일 이내 이의신청을 할 수 있다고 규정하고 있다. 공정위는 이의신청을 받은 날부터 60일 이내, 부득이한 사유가 있으면 30일 이내 범위를 연장할 수 있다.관건은 공정위가 제기한 경쟁 제한성을 어떻게 완화하느냐다. '경쟁 제한성 완화'란 특정 기업의 독과점이나 기업 결합(M&A)으로 시장 내 경쟁이 줄어들 우려가 있는 상황에서 실제로는 해외 경쟁 도입, 신규 사업자의 진입, 기술 발전 등 요인으로 시장 경쟁이 유지되거나 완화되는 상태를 의미한다.어피니티가 세종을 택한 건 대한항공-아시아나항공의 기업결합을 성공적으로 수행한 이력이 있다는 점이 작용한 것으로 알려졌다. 당시 세종은 매각자 측인 아시아나항공을 자문했다. 해당 인수합병(M&A)은 국내 1·2위 업계의 결합과 더불어 글로벌에서도 기업결합을 승인받아야 하는 고난도 딜로 평가된다. 이 경험을 바탕으로 세종으로서는 경쟁 제한성을 완화할 수 있는 시정방안을 제시해야 하는 큰 과제를 떠안게 됐다.공정거래 업무를 수행하는 대형로펌의 한 변호사는 ""어피니티가 롯데렌탈을 인수하는 방법은 경쟁 제한성을 완화할 수 있는 강력한 시정방안을 제시해 설득하는 것 뿐""이라며 ""세종이 획기적인 묘수를 내지 않으면 쉽지 않은 싸움""이라고 말했다.",https://n.news.naver.com/mnews/article/018/0006213340
2026-02-05 01:28:11,Economy,금융당국 '미공개 정보 이용' 무더기 적발…고발·통보 조치,"공시대리인·상장사 IR업체 대표, 고객사 중요 정보 이용해최대주주, 적자전환 알고 미리 주식 매도…32억원 부당이득제약사 직원 등도 호재성 내부정보로 주식 매수



[서울=뉴시스]이지민 기자 = 호재성 내부 정보를 이용해 부당이득을 취한 IR컨설팅업체 대표, 상장사 최대주주 및 임직원, 제약회사 직원 등이 무더기로 적발됐다. 금융당국은 이들을 수사기관에 고발·통보 조치했다. 4일 금융당국에 따르면 금융위원회 산하 증권선물위원회는 이 같은 내용을 심의·의결했다. 금융당국 조사 결과 공시대리업체의 대표 A씨는 업무를 수행하는 과정에서 두 회사의 호재성 미공개중요정보를 알게 된 뒤 이를 이용해 약 1억원 상당의 부당이득을 취했다. 또 지인 B씨에게 정보를 전달하고, 그 대가로 3000만원을 받았다. B씨는 약 2억원 규모의 부당이득을 얻었다. IR 컨설팅업체의 대표 C씨는 한 회사의 공시 및 IR 대행업무를 수행하는 과정에서 4차례에 걸쳐 호재성 미공개중요정보를 얻었고, 수천만원 상당의 부당이득을 취득한 사실이 확인됐다. 증선위는 이들 3인을 고발 및 수사기관 통보 조치했다. 적자전환 정보 등 악재성 내부정보를 이용해 손실을 회피한 상장사 최대주주 D씨도 적발해 수사기관에 통보했다. D씨는 영업이익과 당기순이익 적자 전환 사실을 알고, 공시 전 본인 및 관계사가 보유한 주식을 매도해 총 32억원 상당의 부당이득을 취한 것으로 나타났다. 이에 더해 치료제 개발 등 호재성 내부정보를 이용해 부당이득을 취한 제약회사 직원 등 4인도 수사기관에 통보 조치됐다. 제약회사 직원 E씨는 코로나19 치료제 관련 연구 결과를 미리 알고, 회사 주식을 배우자 및 지인들과 함께 매수했다. 유상증자 및 대량취득·처분 실시 정보 등 호재성 내부정보를 이용한 상장사 임직원 등 16인도 적발됐다. 해당 정보를 부정한 수단에 사용한 전 직원은 고발 조치됐다. 금융위 관계자는 ""관련 혐의들이 철저히 규명되도록 검찰 수사에 적극적으로 협조할 예정""이라며 ""앞으로도 자본시장의 공정성을 확보하고 투자자 신뢰를 보호하기 위해 불공정거래 행위를 예의주시하고, 적발된 위법행위에 대해서는 철저히 조사하여 엄중 조치하겠다""고 말했다．",https://n.news.naver.com/mnews/article/003/0013749589
2026-02-05 01:28:12,Economy,은행 점포 줄이기 '제동'… 내달부터 1㎞내 통합도 엄격히,"금융위, 폐쇄 사전평가 의무화5년간 904곳 닫아 소비자 편익 ↓광역시 외 지방 통폐합시 불이익금고 선정 평가서 감점 확대키로 



내달부터 은행 점포가 반경 1㎞ 이내 다른 점포와 통합할 때도 자율 폐쇄 절차를 지켜야 한다. 최근 2년 간 은행들이 대체수단을 마련하지 않은 채 점포를 200개 넘게 폐쇄하자 금융위원회가 '반경 1㎞ 내'라는 예외조항을 삭제해 절차를 강화한 것이다.  또 은행들이 광역시 외 지역에서 점포를 닫으면 지역재투자평가에서 감점 점수를 확대하기로 했다. 지역 금융소비자의 금융접근성을 보장하기 위한 장치지만, 지방자치단체 금고 유치를 위해 사활을 거는 은행들이 앞으로 지역에서 점포를 폐쇄하기 어려워질 전망이다.  금융위원회는 4일 '금융위원장, 금융소비자 목소리를 듣다'는 간담회를 개최하고 이 같은 '은행 점포폐쇄 대응방안'을 3월부터 본격적으로 시행한다고 밝혔다. 은행연합회는 이번 방안을 반영한 '은행 점포폐쇄 공동절차'를 이달 중 개정하고 은행별 내규에도 반영해 3월부터 시행할 예정이다.  우선 동일 건물 내 점포 간 통합을 제외하고, 반경 1㎞ 내 점포 통·폐합도 사전영향평가 등 점포폐쇄 절차를 거치게 된다.  평가 방식도 은행들이 점포폐쇄 결정에 유리하거나 주관적으로 구성할 수 없도록 사전영향평가를 체계화했다. 폐쇄 영향을 '현황분석→영향 진단→(폐쇄 시) 대체수단' 순서로 분석하도록 3단계로 체계화하고, 평가방식도 상대평가가 반영되도록 인근 및 전체 점포평균과 비교하도록 바꿨다. 특히 은행들이 지역에 있는 점포를 닫지 않고 운영하도록 유인하기 위해 지역재투자평가에서 점포 운영 관련 평가를 확대한다.  지역 재투자 평가는 지방자치단체 금고 선정에 활용된다. 은행들이 지자체 금고를 유치하기 위해 사활을 걸고 있는 만큼, 광역시 외 지역에서 점포를 폐쇄하면 감점을 0.2~1점으로 확대하기로 했다. 반대로 지역에서 점포를 새로 열면 가점을 0.2점 주는 방식이다.  은행들이 점포폐쇄 절차를 충실하게 준수하는지 여부는 금융감독원 차원에서 은행별 점포 운영현황과 사전영향평가 결과를 분석·점검할 방침이다.  그동안 은행권은 자율규약 형태로 점포 폐쇄 전 사전영향평가, 지역 의견 청취, 대체수단 마련, 고객 사전통지(3개월 전) 등 점포폐쇄 공동절차를 운영했다. 하지만 이같은 장치가 사실상 작동되지 않으면서 점포폐쇄 절차가 실효성이 낮다는 문제가 지적됐다. 실제 최근 5년 간 은행 점포수는 904개가 감소한 것으로 집계됐다. 지난 2020년 말 은행 점포수는 6427개였지만 지난해 9월 말 5523개로 5년 새 14.1% 감소했다.  A은행 관계자는 ""점포가 수익이 난다면 은행이 왜 폐쇄하겠냐""면서 ""결국 수익이 나지 않는 곳은 정리할 수 밖에 없는데, 공공성을 은행 차원에서도 고민이 많다. 은행법이 개정돼 법률로 폐쇄 절차가 논의 된 적도 있는데 강화됐지만 자율적인 수준의 절차인 만큼 다행스러운 측면도 있다""고 말했다. B은행 관계자도 ""점포가 없는 인터넷은행과의 경쟁 측면에서도 일부 점포를 줄이는 것은 세계적인 추세이자 시중은행 입장에서 고육지책""이라며 ""이미 대부분의 은행들이 꼭 폐쇄해야할 곳은 폐쇄한 상황""이라고 말했다.",https://n.news.naver.com/mnews/article/014/0005473483
2026-02-05 01:28:12,Economy,"신한금융, 성실상환자 자산형성 지원","미소금융재단에 1000억 출연상환금, 적금·펀드 투자 검토 신한금융그룹은 주요 그룹사가 신한미소금융재단에 총 1000억원을 추가 출연하고, 청년·지방 취약계층을 대상으로 성실상환 인센티브를 포함한 서민금융 정책사업 참여와 실행을 확대한다고 4일 밝혔다.  그룹의 서민금융을 총괄하는 신한미소금융재단을 청년·지방 취약계층의 실질적인 자립과 미래 준비를 뒷받침하는 '서민금융 실행 플랫폼'으로 고도화하기 위한 조치다.  신한금융은 재원 기반 확충을 바탕으로 서민금융진흥원의 청년·지방 취약계층 대상 정책금융 사업에 적극 참여, 대출 이후 성실상환을 자산 형성으로 연결하는 인센티브 모델을 단계적으로 확대할 계획이다.  최근 주식·펀드 등에서 자산 형성 기회가 확대되고 있으나 청년·지방 취약계층은 대출상환 부담으로 접근하기 어려운 구조적 한계가 지속돼왔다. 이에 신한금융은 미소금융 대출의 성실상환자를 대상으로 성실상환 금액 일부를 매칭 자금으로 활용, '청년처음적금'에 적립하거나 오는 6월 출범하는 '국민성장펀드'에 투자해주는 자산형성 인센티브 모델을 검토·추진키로 했다.  신한금융은 미소금융 추가 출연과 정책금융 연계를 바탕으로 그룹 차원의 포용금융 프로젝트 적용 범위를 단계적으로 확대할 방침이다. 아울러 '청년·지방 창업 전 주기 복합 지원체계' 구축에 따른 창업 지원대출 연계 등 활용 범위를 넓혀 '대출-상환-자산형성-재도약'으로 이어지는 선순환 실행 구조를 완성키로 했다.  진옥동 신한금융 회장은 ""이번 출연은 신한미소금융재단이 청년과 지방 취약계층을 위한 서민금융의 실질적인 실행 거점으로 도약하는 계기""라며 ""성실한 금융 이용이 자립과 미래 준비로 이어질 수 있도록 포용금융 지원을 '책임경영'으로 확장해 지속적으로 고도화하겠다""고 전했다.",https://n.news.naver.com/mnews/article/014/0005473482
2026-02-05 01:28:13,Economy,"하나금융, KPI에 생산적 금융 가점 준다","핵심성과지표 신규 항목 도입함 회장 ""체계적 지원 위한 일""기업대출 실적 따라 인센티브 



함영주 하나금융그룹 회장이 지난 3일 서울 여의도 하나증권 본사에서 열린 '2026년 제1회 Hana One-IB 마켓 포럼'에서 인사말을 하고 있다. 하나금융지주 제공 하나금융그룹은 인사평가의 근거가 되는 핵심성과지표(KPI)에 생산적 금융 관련 가점 항목을 신설한다고 4일 밝혔다. 정부 정책에 맞춰 그룹의 생산적 금융 실행력을 높이기 위한 것이다.  하나금융은 산업구조 변화와 전망에 대한 인사이트를 공유하기 위해 지난 3일 '2026년 제1회 하나 원-IB(Hana One-IB) 마켓 포럼'을 개최했다. 지난달 열린 '하나금융 생산적금융협의회' 후속 조치다. 그룹 차원의 생산적 금융 실행속도를 높이기 위해 마련됐다. 함영주 하나금융 회장은 ""금융이 기업의 성장을 제대로 돕기 위해서는 해당 산업에 대한 깊이 있는 이해가 필요하다""면서 ""이 포럼을 정례화해 내부역량을 지속적으로 강화하고, 체계적인 생산적 금융 지원을 차질 없이 실행하겠다""고 말했다.  이날 포럼에서는 하나금융연구소와 하나증권 리서치센터의 분석을 바탕으로 생산적 금융을 대표하는 국가 첨단전략산업에 대한 논의가 진행됐다.  하나금융연구소는 에너지·방위산업·화학 등 3개 분야의 현황 및 전망을 발표했다. 하나금융연구소는 △인공지능(AI)산업 급성장에 따른 전력 수요 폭증 및 에너지 믹스 정책 대응 △유지·보수·정비(MRO) 서비스로 확장 중인 방위산업 △글로벌 경쟁 심화에 따른 화학 업종의 생존 전략 등을 집중 조언했다.  하나증권 리서치센터는 증권을 중심으로 그룹 투자은행(IB) 실행체계를 개편한 'One-IB'의 취지 및 추진 전략에 대한 소개와 함께 반도체를 국가 안보와 AI 인프라의 핵심 자산으로 규정하고, 글로벌 반도체 업황과 전망 등을 공유했다.  하나은행은 생산적 금융의 실질적인 공급 확대를 위해 KPI 항목을 개편하고, 가점 항목을 신설하기로 했다. 이를 통해 하나금융연구소가 선정한 '코어(Core) 첨단산업'에 대해 기업대출 신규 공급시 실적 가중치를 적용하는 등 다양한 인센티브를 제공키로 했다. 또 영업 현장의 생산적 금융 이해도를 높이기 위해 설명회를 개최하고, 기업금융전문역(RM) 대상으로 산업구조 변화와 전망에 대한 인사이트를 공유하며 기업대출 공급 확대에 역량을 집중할 방침이다.  그룹은 이번 전담조직 신설 및 KPI 개편 등을 통해 본부와 영업 현장이 '하나의 팀(One Team)'으로 생산적 금융을 효율적으로 지원하는 체계를 구축한다. 공급된 자금은 고용과 투자를 확대해 국민 소득 증대와 금융 안정으로 환원되는 선순환 구조의 마중물 역할을 할 것으로 기대된다.  하나금융은 올해 17조8000억원을 시작으로 오는 2030년까지 총 84조원 규모의 생산적 금융을 지원할 계획이다.",https://n.news.naver.com/mnews/article/014/0005473481
2026-02-05 01:28:14,Economy,"카뱅, 작년 순익 역대 최대… 비이자수익 견인","전년보다 9% 오른 4803억공동대출·지급결제 등 호조 



 카카오뱅크가 지난해 역대 최대 실적을 달성했다. 비이자수익 증가와 신규고객 유입 덕분이다.  4일 카카오뱅크의 경영실적 공시에 따르면 카카오뱅크는 지난해 4803억원의 당기순이익을 기록했다. 전년 대비 9.1% 증가한 역대 최대 규모다. 영업이익은 6494억원으로 7% 늘었다. 지난해 4·4분기만 보면 당기순이익(1052억원)이 24.5% 성장했다.  실적을 견인한 것은 비이자수익이다. 지난해 비이자수익(1조886억원)은 처음으로 1조원을 돌파하며 22.4% 확대됐다. 광고 비즈니스 확대, 공동대출, 지급결제, 여행서비스 등 수수료·플랫폼 수익원의 다변화가 비이자수익 성장에 기여했다는 설명이다.  효율적인 자산배분 전략을 통해 자금운용 손익은 6708억원을 기록했다. 연간 수수료·플랫폼 수익은 대출 및 투자 플랫폼, 광고 비즈니스 성장에 힘입어 2.9% 늘어난 3105억원으로 집계됐다.  지난해 이자수익은 1조9977억원으로 1년 전보다 2.9% 줄었다. 4·4분기의 경우 순이자마진(NIM)이 1.94%로 전분기(1.81%)보다 올랐으나 전년동기(2.15%)에 비해서는 0.21%p 축소됐다.  지난해 말 기준 수신 및 여신 잔액은 각각 68조3000억원, 46조9000억원이다. 철저한 가계대출 관리, 실수요자를 위한 정책금융상품과 서민금융상품, 개인사업자 대출 중심으로 여신 성장을 이뤄냈다.  신규고객 증가와 고객 활동성 강화는 수신 성장으로 이어졌다. 지난해 말 카카오뱅크 고객은 2670만명으로 1년간 182만명의 신규고객이 유입됐다. 4·4분기 월간활성이용자수(MAU)는 2000만명으로 1년 새 100만명 이상 늘었다.  카카오뱅크는 중·저신용자의 금융 접근성을 높이기 위한 포용금융에 힘썼다. 지난해 2조원 규모의 중·저신용 대출을 공급했다. 4·4분기 중·저신용 대출 잔액 비중은 32.1%로 집계됐고, 연체율은 0.51%로 안정적인 관리를 이어가고 있다.",https://n.news.naver.com/mnews/article/014/0005473480
2026-02-05 01:28:15,Economy,한화손보 '임신지원금' 특약 독점 판매권 획득,"여성 건강보험 4.0에 탑재1년간 배타적사용권 인정 한화손해보험은 지난달 출시한 '한화 시그니처 여성 건강보험 4.0'에 탑재된 '임신지원금' 특약이 손해보험협회로부터 배타적사용권(1년)을 획득했다고 4일 밝혔다. 배타적사용권 제도가 시행된 이후 장기 손해보험에서 1년을 부여받은 것은 한화손보가 처음이다.  '임신 지원금' 특약은 업계 최초로 임신시 1회에 한해 50만원을 지급해 산전 검사 및 관리 등에 따른 경제적 부담을 덜어주는 보장이다.  국내 최초로 임신을 직접 보장한다는 점에서 높은 평가를 받았다. 앞서 한화손보는 지난 2024년 '출산지원금' 특약으로 장기 손해보험에서 최초로 9개월을 부여받은 바 있다.  한화손보는 △임신지원금(1년) 뿐만 아니라 △체외수정 성공률 개선을 통한 난임 조기 극복을 지원하는 '착상확률개선 검사비' △불가피한 치료로 완경(폐경)시 보장받을 수 있는 '치료에 의한 완경(폐경) 진단비' 등 특약 2종도 독창성·유용성·진보성·노력도 등에서 뛰어난 평가를 받아 각각 9개월의 배타적사용권을 획득했다.  배타적사용권 획득한 특약들은 저출산 극복을 위한 정부의 노력과 발맞춰 임신·출산·난임 분야에 대한 영역을 새롭게 개척하고, 연령대별 위험 요인을 고려해 보장 범위를 넓혔다.  여성 고객의 니즈를 반영해 차별화된 상품을 지속적으로 개발해온 한화손보는 이번에도 여성고객을 위한 보장을 새롭게 개발하며 시장에서 여성보험의 경쟁력을 한층 강화하게 됐다.  '한화 시그니처 여성 건강보험'은 2023년 7월 출시 후 총 20건의 배타적사용권을 획득해 여성보험에 대한 차별화된 가치를 다시 한 번 입증했다. 한화손보 관계자는 ""앞으로도 고객에게 실질적으로 필요한 영역을 새롭게 발굴해 여성보험 시장에서의 경쟁 우위를 지속하겠다""고 말했다.",https://n.news.naver.com/mnews/article/014/0005473479
2026-02-05 01:28:15,Economy,자동차보험 55% 교통비 선택하는데…돈은 렌트비 35%만 지급,"지급 건수는 교통비 多…금액은 렌트비 2.7배약관상 교통비, 렌트비의 35% 비율 제한 ‘한계’렌트비 대비 교통비 현실화 필요[이데일리 김형일 기자] 자동차보험 사고 보상 과정에서 교통비(비대차료)를 선택하는 사례가 절반을 넘어 늘고 있지만, 보상 구조에 대한 문제 제기가 이어지고 있다. 교통비가 렌트비(대차료)의 일정 비율로 제한돼 지급되면서, 사고 이후 차량 운행이 어려운 고령자나 입원 환자에게도 실질적인 선택지가 되지 못한다는 분석이다.



[이데일리 김일환 기자]4일 보험개발원에 따르면 지난 2024년 한해 자동차보험에서 렌트비 명목으로 보험금이 지급된 건수는 약 120만건(7066억원)으로 전체의 약 45%를 차지했다. 반면 교통비 지급 건수는 149만건(2620억원)으로 약 55%를 나타냈다. 지급 금액 기준으로는 렌트비 지급 규모가 교통비의 두 배를 넘어서며 보험금 비중이 여전히 컸지만, 지급 건수만 놓고 보면 교통비를 선택하는 비중이 절반을 훌쩍 넘었다. 이로인해 자동차보험에서 10명 중 6명 가까이 교통비를 선택하고 있지만, 교통비 보상 구조가 현실 비용을 충분히 반영하지 못하고 있다는 지적이 나온다.현행 자동차보험 약관상 교통비는 렌터카를 이용하지 않으면 렌트비의 약 35% 수준만 현금으로 지급된다. 사고 당사자의 대중교통·택시 이용이나 사고 이후 이동·생활 불편을 고려하면 교통비가 충분하지 않다는 목소리가 나오는 이유다. 일례로 대형 렌터카 업체의 요금을 기준으로 산출한 차급별 평균 렌트비는 7일간 이용했다고 가정할 경우 △경차 9만 7333원 △소형 12만 7200원 △중형 20만 7767원 △준대형 28만 800원 △대형 45만 6320원 수준으로 나타났다. 이를 기준으로 교통비를 산정하면 △경차 3만 4067원 △소형 4만 4520원 △중형 7만 2719원 △준대형 9만 8280원 △대형 15만 9712원 수준에 그친다. 렌트비와 교통비 간 보상 수준의 차이가 크게 나타나고 있다는 얘기다.보험업계 관계자는 “최근 교통비를 선택하는 비중이 절반을 넘어서고 있지만, 보상 구조는 여전히 렌트비 기준에 묶여 있다”며 “교통비가 렌트비의 35% 수준으로 제한되다 보니 선택은 늘어도 실제 지급액은 체감하기 어려운 구조”라고 말했다. 이어 “교통비 선택이 확대되는 흐름을 감안하면, 현재 산정 방식이 현실 비용을 반영하고 있는지 점검할 필요가 있다”고 덧붙였다.",https://n.news.naver.com/mnews/article/018/0006213338
2026-02-05 01:28:16,Stock,"뉴욕증시, 기술주 약세·고용 부진 반영하며 혼조 출발",Content not found,https://finance.naver.com/news/news_read.naver?article_id=0015886043&office_id=001&mode=mainnews&type=&date=2026-02-05&page=1
2026-02-05 01:28:17,Stock,"삼성전자, 시총 1000조 금자탑…역경 딛고 '피크 아웃' 돌파하나",Content not found,https://finance.naver.com/news/news_read.naver?article_id=0000469618&office_id=629&mode=mainnews&type=&date=2026-02-05&page=1
2026-02-05 01:28:17,Stock,"뉴욕증시, 기술주 약세·고용 부진 반영하며 혼조 출발",Content not found,https://finance.naver.com/news/news_read.naver?article_id=0015886043&office_id=001&mode=mainnews&type=&date=2026-02-05&page=1
2026-02-05 01:28:18,Stock,"삼성전자, 시총 1000조 금자탑…역경 딛고 '피크 아웃' 돌파하나",Content not found,https://finance.naver.com/news/news_read.naver?article_id=0000469618&office_id=629&mode=mainnews&type=&date=2026-02-05&page=1
